site_code,latitude,longitude,site_name,location,state,2000,2001,2002,2003,2004,2005,2006,2007,2008,2009,2010,2011,2012,2013,2014,2015,2016,2017,2018,2019,correlation,slope,pvalue,trend,rhr_site,used_in_nat_agg,site_id
ACAD1,44.377103,-68.26100067,MCFARLAND HILL Air Pollutant Research Site,Acadia NP,Maine,8.90097,8.87427,8.770072,8.76972,8.562798,7.656128,8.253902,8.275861,7.763495,6.920979,6.706667,7.509342,7.752543,6.253867,7.0329,6.049557,6.084568,7.182487,6.526587,5.94664,-0.895114,-0.154595,0,Significantly Improving,yes,Yes,23-009-0103
ADPI1,42.0912,-77.2099,PINNACLE STATE PARK,Addison Pinnacle,New York,,,12.38247,11.788986,11.183543,11.626996,10.272719,10.653923,10.987044,9.567366,,,,,,,,,,,-0.86643,-0.317364,0.005377,Significantly Improving,no,No,36-101-0003
AGTI1,33.463646,-116.9706255,Aqua Tibia Wilderness,Agua Tibia,California,,10.174838,10.411803,9.388937,8.362797,6.882652,8.346088,9.029954,7.483157,6.347446,6.874679,6.050637,6.750952,6.223682,7.074996,6.506531,7.410537,7.104975,7.39616,,-0.70684,-0.176748,0.001039,Significantly Improving,yes,Yes,06-065-9000
AREN1,39.9232,-77.3079,NARSTO SITE ARENDTSVILLE,Arendtsville,Pennsylvania,,,15.494482,14.319521,12.869276,14.406643,13.292478,13.220958,13.686723,11.702429,11.743106,,,,,,,,,,-0.825566,-0.37346,0.006126,Significantly Improving,no,No,42-001-0001
BADL1,43.7435,-101.941167,SOUTH OF BADLANDS NP HEADQUARTERS,Badlands NP,South Dakota,7.378665,7.454413,6.693753,6.295306,6.620573,7.049261,6.204569,7.067549,7.618619,6.073006,6.415857,5.561391,5.436031,5.427431,5.624652,5.692538,5.187005,5.185378,5.270411,5.382229,-0.840849,-0.116203,0.000003,Significantly Improving,yes,Yes,46-071-0001
BALD1,34.058441,-109.440564,Mount Baldy,Mount Baldy,Arizona,,3.651454,2.846205,2.61375,2.818039,2.887416,3.192081,2.664821,2.664767,3.03084,2.94992,3.013588,2.39067,2.315101,1.890042,2.039991,1.38419,1.820461,1.751879,1.766207,-0.841785,-0.089365,0.000006,Significantly Improving,yes,Yes,04-001-8001
BALT1,39.2547,-76.7093,,Baltimore,Maryland,,,,,,16.353081,15.125345,,,,,,,,,,,,,,,,,,no,No,24-005-9000
BAND1,35.77967467,-106.2664027,,Bandelier NM,New Mexico,4.950724,4.893608,5.029933,4.941599,4.985458,4.085931,4.633621,4.492293,3.914259,3.635648,3.521362,4.067342,4.277667,4.447971,3.189845,3.468889,2.741467,2.938672,2.74834,2.896351,-0.894948,-0.121991,0,Significantly Improving,yes,Yes,35-028-1002
BIBE1,29.3027265,-103.178015,"Big Bend National Park, K-Bar Ranch Road",Big Bend NP,Texas,,7.089529,5.67827,5.736406,4.619389,6.326198,6.322824,5.638584,5.509337,5.727921,4.806014,6.362142,6.777195,4.612475,6.166374,4.800666,4.760385,5.141315,4.961267,5.308286,-0.435599,-0.058331,0.062296,Possible Improvement,yes,Yes,48-043-0101
BIRM1,33.5531,-86.8148,North Birmingham,North Birmingham,Alabama,,,,,,19.538666,18.516687,17.874668,16.508995,15.281111,16.627262,16.158155,15.425795,13.517726,14.342473,13.062144,12.916347,12.417205,13.495388,12.536345,-0.943261,-0.48096,0,Significantly Improving,no,No,01-073-0023
BLIS1,38.97608043,-120.1024508,Bliss SP,Bliss SP,California,3.476048,2.303489,2.204421,2.108829,,2.0804,2.005403,2.651625,2.155781,1.882682,1.735376,2.162518,1.62703,2.008682,1.795856,2.618958,1.189769,1.602734,1.915459,,-0.588893,-0.05143,0.01013,Significantly Improving,yes,Yes,06-017-9000
BLMO1,43.7158,-96.1913,,Blue Mounds,Minnesota,,,,12.030942,10.57904,11.068431,11.528581,11.597149,10.768879,10.027076,9.967242,10.987017,10.54177,10.134357,10.248271,9.822378,,,,,-0.726721,-0.129801,0.004895,Significantly Improving,no,No,27-133-9000
BOAP1,33.8695155,-106.8519618,,Bosque del Apache,New Mexico,,,6.529932,6.773185,5.532241,5.859773,6.311757,5.856402,5.18171,5.541572,4.77189,6.211234,6.517302,5.577473,4.530799,4.717888,4.790595,4.249766,4.660812,,-0.738366,-0.116167,0.000712,Significantly Improving,yes,Yes,35-053-9000
BOLA1,42.85,-109.64,Boulder Lake,Boulder Lake,Wyoming,,,,,,,,,,,1.484667,1.554449,1.187914,1.272751,1.191089,0.923857,0.817975,0.999673,1.076847,1.419379,-0.488412,-0.039416,0.152056,No Trend,no,No,56-035-9001
BOND1,40.052,-88.3733,ISWS CLIMATE STATION,Bondville,Illinois,,,15.784489,14.846199,14.812819,16.005854,14.945902,15.336309,14.123482,13.322502,13.325629,13.016428,12.707843,11.546103,12.205725,10.915499,11.11165,10.475247,11.948509,11.159327,-0.935076,-0.31532,0,Significantly Improving,no,Yes,17-019-1001
BOWA1,47.946637,-91.49546367,Fernberg Road,Boundary Waters Canoe Area,Minnesota,6.008592,6.924075,7.006785,6.699147,5.838501,6.253427,5.730471,5.594307,5.515731,4.674063,4.705897,4.943233,5.390896,4.459466,4.923998,4.453674,4.084136,4.957843,3.980752,3.488271,-0.906063,-0.151466,0,Significantly Improving,yes,Yes,27-075-0005
BRCA1,37.61837567,-112.173555,,Bryce Canyon NP,Utah,2.998736,3.066195,2.623112,2.354556,2.802326,1.896157,2.359902,2.401669,1.65249,2.137955,1.656166,2.00073,1.674764,1.395587,1.156398,1.66376,1.166068,1.745004,1.593211,1.340575,-0.868063,-0.085843,0.000001,Significantly Improving,yes,Yes,49-017-0101
BRID1,42.97486967,-109.75786,,Bridger Wilderness,Wyoming,2.533,2.496076,2.064643,1.645876,1.764583,1.599965,1.475358,1.968659,1.305894,1.2948,0.886771,1.151935,0.887955,0.884461,1.12407,0.793039,0.581256,0.884741,1.028002,1.431506,-0.822025,-0.077296,0.000009,Significantly Improving,yes,Yes,56-035-9000
BRIG1,39.464995,-74.449223,Brigantine,Brigantine NWR,New Jersey,14.263685,13.804498,14.83233,14.386653,14.361587,14.609203,15.349785,12.737269,,12.780625,11.816623,12.916883,11.926677,11.801419,11.663866,11.441347,11.119932,11.359854,10.697023,9.444073,-0.913451,-0.246586,0,Significantly Improving,yes,Yes,34-001-0006
BRIS1,30.1086,-89.7617,Breton Island,Breton Island,Louisiana,,,,,,,,,,13.50883,15.283543,14.877152,,11.751609,12.84836,12.291887,11.805449,10.359844,11.739578,,-0.81696,-0.412067,0.007187,Significantly Improving,yes,No,22-071-9000
BRLA1,41.3662,-106.2418,,Brooklyn Lake,Wyoming,,1.195784,0.220128,0.122647,,,,,,,,,,,,,,,,,-0.904166,-0.536568,0.280988,No Trend,no,No,56-001-9000
BRMA1,44.1074,-70.7292,,Bridgton,Maine,,,9.338686,8.919555,9.193311,7.769485,8.145648,7.710122,7.881849,6.639604,6.297325,7.332327,7.444076,6.712823,6.927857,6.223938,,,,,-0.86893,-0.212198,0.000055,Significantly Improving,no,No,23-005-0103
CABA1,43.8325,-70.0644,,Casco Bay,Maine,,,9.835848,9.515984,10.121676,8.87744,8.982385,8.76746,9.649717,7.745135,7.470952,8.752126,9.168331,7.684728,7.811585,7.671688,7.348889,8.005675,7.411387,7.079193,-0.82936,-0.150171,0.000021,Significantly Improving,no,Yes,23-005-9002
CABI1,47.954903,-115.670876,,Cabinet Mountains,Montana,,4.254784,3.722663,3.311555,3.207992,4.049289,2.376943,3.323924,3.185452,2.724825,2.046603,2.846411,2.093121,2.699491,2.584471,2.734798,2.144896,2.496819,2.363839,3.31068,-0.633547,-0.072154,0.003588,Significantly Improving,yes,Yes,30-089-9000
CACO1,41.9758,-70.0242,TRURO NATIONAL SEASHORE,Cape Cod,Massachusetts,,,11.176595,10.93972,11.972757,12.122897,10.874203,10.016017,10.821537,9.888694,9.862604,10.347719,9.743069,9.49312,9.122951,8.743474,8.328647,9.585456,9.351955,8.527521,-0.872561,-0.179199,0.000002,Significantly Improving,no,Yes,25-001-0002
CACR1,34.45435167,-94.14289033,EAGLE MOUNTAIN,Caney Creek,Arkansas,,,11.876369,10.743329,11.10842,12.797993,12.506052,,9.241168,8.094018,10.699271,11.825386,9.540933,8.60615,8.522655,7.030126,9.119698,8.315989,7.123501,7.340489,-0.797459,-0.279129,0.000126,Significantly Improving,yes,Yes,05-113-0003
CADI1,36.7842,-87.8501,"OLD DOVER HIGHWAY CADIZ,KY",Cadiz,Kentucky,,,16.836565,15.249697,15.118828,16.091251,15.345709,15.115399,13.688739,13.944013,15.612343,,,,,,,,,,-0.59486,-0.210833,0.091096,Possible Improvement,no,No,21-221-8001
CANY1,38.45870025,-109.8210083,"Canyonlands National Park, Island in the Sky",Canyonlands NP,Utah,3.623353,4.070679,4.197881,3.327374,3.523793,2.339872,2.763008,3.042338,2.705935,3.269112,2.74397,2.746647,3.198073,3.366334,2.601825,2.470625,1.592011,1.908711,2.434564,1.784377,-0.783678,-0.093444,0.000044,Significantly Improving,yes,Yes,49-037-0101
CAPI1,38.3022155,-111.292561,,Capitol Reef NP,Utah,4.488648,4.517873,4.24132,3.119243,4.12255,2.567083,,3.146992,2.49602,2.711025,2.146639,2.890921,2.409334,2.926065,2.120871,2.639256,2.203063,2.64124,2.313737,2.276029,-0.799459,-0.106549,0.00004,Significantly Improving,yes,Yes,49-055-9000
CEBL1,38.7701,-99.7634,CEDAR BLUFF,Cedar Bluff,Kansas,,,,9.242009,9.269907,8.581376,7.548659,9.556343,8.736299,7.238986,7.962547,8.433336,7.841373,8.70126,7.816343,7.083231,6.595392,6.354582,7.247973,7.305027,-0.748282,-0.141239,0.00055,Significantly Improving,no,No,20-195-0001
CHAS1,28.74841233,-82.55486667,,Chassahowitzka NWR,Florida,16.350399,16.289352,14.974752,14.868179,15.497004,16.896236,16.895828,15.841875,15.029699,13.951654,14.062733,14.012503,13.481513,13.283758,12.89011,12.667673,11.952676,12.146445,12.383793,12.488851,-0.893212,-0.246086,0,Significantly Improving,yes,Yes,12-017-9000
CHER1,36.9562,-97.0313,NEWKIRK IMPROVE,Cherokee Nation,Oklahoma,,,,12.78592,11.732017,13.555435,11.982873,11.794065,10.797606,10.982925,,,,,,,,,,,-0.721074,-0.322828,0.067452,Possible Improvement,no,No,40-071-9010
CHIR1,32.009381,-109.3889515,Chiricahua National Monument,Chiricahua NM,Arizona,5.131346,4.916055,5.605649,4.672206,4.216388,4.792806,5.189798,4.177882,3.647142,4.096674,3.954829,4.08664,4.437696,3.939367,4.034785,3.576529,3.799606,4.221934,4.135499,3.529023,-0.745834,-0.072144,0.00016,Significantly Improving,yes,Yes,04-003-8001
CLPE1,44.3335,-106.9565,,Cloud Peak,Wyoming,,,,1.47567,1.00605,1.355285,1.174243,1.546445,1.111197,1.207332,0.99372,0.941201,1.0746,0.896694,0.989378,,,,,,-0.655183,-0.038551,0.020744,Significantly Improving,no,No,56-019-9000
COGO1,45.5693,-122.2103,,Columbia Gorge #1,Washington,,,9.545209,8.414027,9.92761,9.65238,8.762122,9.034286,9.53607,9.448139,,,,,,,,,,,0.078237,0.016196,0.853903,No Trend,no,No,53-039-0010
COHI1,42.4009,-76.6534,Connecticut Hill,Connecticut Hill,New York,,,12.059877,11.757539,11.427091,12.273334,,,,,,,,,,,,,,,0.108602,0.030992,0.891398,No Trend,no,No,36-109-9991
COHU1,34.7851845,-84.62649925,Fort Mountain,Cohutta,Georgia,,14.873785,13.89085,12.832401,13.339894,14.313398,,14.008977,12.213617,9.897905,12.667777,11.048759,11.637653,9.299862,9.61262,6.398738,8.738439,8.823481,6.919597,6.662436,-0.913685,-0.441887,0,Significantly Improving,yes,Yes,13-213-0003
CORI1,45.6644,-121.0008,,Columbia River Gorge,Washington,,10.657584,,8.552767,9.65098,10.674175,10.766993,10.218111,8.707231,9.198982,9.194655,8.897071,,7.926406,8.60508,9.446328,8.561338,8.910492,8.444216,9.474854,-0.55002,-0.084476,0.022167,Significantly Improving,no,Yes,53-039-0011
CRES1,41.7627,-102.4336,,Crescent Lake,Nebraska,,,,6.486966,6.383587,6.004033,5.956025,7.018351,5.940013,4.869022,5.912084,5.027926,5.041434,4.964674,4.597651,4.967382,,,,,-0.817904,-0.159105,0.000635,Significantly Improving,no,No,31-069-9000
CRLA1,42.895772,-122.136099,,Crater Lake NP,Oregon,,,1.849188,1.65566,1.577666,1.749516,1.529331,1.369017,1.662324,1.581953,1.076299,1.426705,1.184446,0.924348,1.030535,1.123931,0.821009,0.791865,1.474427,1.11678,-0.773922,-0.047625,0.000164,Significantly Improving,yes,Yes,41-035-8001
CRMO1,43.4605455,-113.5550645,"Craters of the Moon National Monument, Visitor Center",Craters of the Moon NM,Idaho,,4.790972,4.856355,3.282649,4.300752,3.885601,3.560709,3.518008,3.189263,2.955278,2.879323,2.883929,2.786589,3.790632,2.541873,2.737461,2.395411,3.130126,2.608504,2.6917,-0.797782,-0.103949,0.000043,Significantly Improving,yes,Yes,16-023-0101
DENA1,63.72333,-148.9675,,Denali NP,Alaska,2.659292,2.511209,2.338323,2.17599,2.478026,2.082896,2.537853,2.497997,2.492917,2.538536,2.636728,2.650715,2.670646,2.206438,2.266181,2.128826,1.950931,2.333898,2.255001,2.266532,-0.374535,-0.013449,0.103742,Possible Improvement,yes,Yes,02-068-0003
DEVA1,36.5089,-116.8478,Death Valley National Park,Death Valley NP,California,,5.038826,4.907139,,4.780172,5.286999,4.656511,4.518068,4.201119,4.055445,3.972825,4.327046,4.142733,,,,,,,,-0.832133,-0.100412,0.001486,Significantly Improving,no,No,06-027-0101
DOME1,35.727833,-118.137707,Lebec-Peace Valley/Frazier Park Roads,Dome Lands Wilderness,California,,5.576722,4.522847,5.743088,4.436247,,,5.677344,4.850645,4.766673,4.014927,5.604692,3.822293,4.395852,4.531399,4.112605,4.36157,4.300716,4.88423,4.844718,-0.421734,-0.044266,0.091772,Possible Improvement,yes,Yes,06-029-9001
DOSO1,39.10525767,-79.42607733,,Dolly Sods Wilderness,West Virginia,12.960496,13.302767,11.913637,11.541825,11.671288,11.912473,10.571443,10.202238,9.435612,8.702354,9.74339,8.750024,9.593641,8.342918,8.516819,5.883615,6.995274,6.466372,5.516299,6.037754,-0.965749,-0.389925,0,Significantly Improving,yes,Yes,54-093-9000
DOUG1,31.3492,-109.5397,DOUGLAS RED CROSS,Douglas,Arizona,,,,,,10.858293,10.796352,,9.597537,9.302372,9.018791,10.03847,10.163884,9.474782,9.245481,,,,,,-0.63845,-0.139448,0.064232,Possible Improvement,no,No,04-003-1005
ELDO1,37.7009,-94.0348,El Dorado Springs,El Dorado Springs,Missouri,,,,13.38111,12.737332,13.789089,14.19265,13.695933,11.78929,11.875202,11.904702,12.818789,11.575737,11.023329,11.167736,9.947279,,,,,-0.8345,-0.269251,0.000388,Significantly Improving,no,No,29-039-0001
ELLI1,36.0853,-99.9354,,Ellis,Oklahoma,,,,9.572539,8.9222,9.930076,8.691222,8.524217,8.980457,8.141858,8.604477,9.273536,8.589011,9.088184,9.312607,,,,,,-0.212715,-0.029507,0.506844,No Trend,no,No,40-045-0890
EVER1,25.391001,-80.6806035,SITE MOVED ACROSS ROAD FROM BEARD CENTER TO BEHIND IORI RESEARCH BLD,Everglades NP,Florida,,11.447668,10.97058,12.224359,12.12564,12.58598,13.102575,11.493121,11.5242,11.030611,11.328226,11.948327,11.298696,10.583344,10.39204,10.438134,10.368149,10.036698,10.627265,10.769156,-0.695896,-0.102729,0.000937,Significantly Improving,yes,Yes,12-086-0030
FLAT1,47.7734,-114.269,,Flathead,Montana,,,,3.587302,3.716346,3.929622,2.888305,3.091017,2.69884,3.532566,2.478103,2.870896,2.376254,2.702156,2.153912,2.484346,2.182982,2.659943,2.326823,2.685171,-0.766893,-0.083119,0.000328,Significantly Improving,no,No,30-047-9000
FLTO1,39.92,-107.63,Flat Tops,Flat Tops,Colorado,,,,,,,,,,,,,1.886307,1.044803,1.554319,1.154536,1.077666,1.519566,1.452404,,-0.208214,-0.029601,0.654137,No Trend,no,No,08-103-9000
FOPE1,48.308,-105.1022,,Fort Peck,Montana,,,,6.864044,6.635879,6.694574,5.948098,6.446151,6.469087,6.354703,6.064715,5.949351,5.49294,6.879725,5.964065,5.372164,5.325122,5.802134,6.245649,,-0.619366,-0.065271,0.010509,Significantly Improving,no,No,30-085-9000
FRES1,36.7818,-119.7732,"3425 N FIRST ST, FRESNO",Fresno,California,,,,,,14.33992,15.027781,13.702519,14.46888,13.196893,12.4252,12.10923,12.408467,13.894935,13.604333,14.314042,12.772385,12.30374,,12.092779,-0.579584,-0.133305,0.029833,Significantly Improving,no,No,06-019-0008
FRRE1,39.7058,-79.0122,Piney Run,Frostberg Reservoir,Maryland,,,,,,14.485363,13.692196,12.822779,12.742938,10.854171,11.808601,11.113015,11.760623,10.572552,10.944366,9.438768,9.464897,9.529747,9.025106,8.981869,-0.948517,-0.366498,0,Significantly Improving,no,No,24-023-0002
GAAR1,66.9025,-151.517,Gates of the arctic,Gates of the Arctic NP,Alaska,,,,,,,,,,,3.50005,3.697877,3.381217,,3.715147,,,,,,0.370501,0.034959,0.629499,No Trend,no,No,02-290-9000
GAMO1,46.82620625,-111.7107105,,Gates of the Mountains,Montana,,1.816959,2.249549,0.853584,1.914295,1.104329,1.028349,1.352789,0.827915,0.820204,,0.594207,,0.523694,0.645586,0.6377,0.48157,0.824454,0.701857,0.322732,-0.786908,-0.072289,0.000178,Significantly Improving,yes,Yes,30-049-9000
GICL1,33.22044875,-108.235084,,Gila Wilderness,New Mexico,,3.65869,3.379674,2.907477,3.360898,3.060987,3.330501,2.748454,1.906569,2.679487,2.459128,2.94779,2.665,2.075306,2.160448,2.13418,1.683921,2.325916,2.04552,2.365212,-0.803283,-0.080694,0.000035,Significantly Improving,yes,Yes,35-003-9000
GLAC1,48.51049925,-113.9966033,,Glacier NP,Montana,7.451039,7.009703,6.880197,7.633729,7.133883,8.25233,6.06697,6.863134,6.775033,,5.156594,5.611247,5.162615,5.728853,5.125741,5.639129,5.199808,5.455039,5.494952,5.794611,-0.800609,-0.128066,0.000038,Significantly Improving,yes,Yes,30-029-9001
GRBA1,39.0052,-114.2161,Great Basin National Park,Great Basin NP,Nevada,3.779502,3.089013,2.563115,2.771856,2.112471,1.974805,2.386316,2.163379,1.656621,1.620734,1.592698,1.996165,1.351379,1.296626,1.666028,1.618326,1.665106,1.739017,1.19671,1.13174,-0.846481,-0.096344,0.000003,Significantly Improving,no,Yes,32-033-0101
GRCA2,35.9731085,-111.9840835,,Hance Camp at Grand Canyon NP,Arizona,2.946131,,1.975824,1.817664,1.981929,2.088912,2.453335,2.510386,1.629403,2.244101,1.868146,1.706175,2.050172,1.368454,1.053128,1.470646,1.277364,1.998845,1.792606,1.421912,-0.648051,-0.052682,0.002695,Significantly Improving,yes,Yes,04-005-8102
GRGU1,44.3081595,-71.2176505,"CAMP DODGE, GREENS GRANT",Great Gulf Wilderness,New Hampshire,,8.26143,7.77047,6.944664,7.613095,6.686348,6.427488,6.862025,6.26001,,,6.392632,5.814407,5.411648,5.754109,4.916601,4.689127,5.221343,4.365012,4.299471,-0.959169,-0.191583,0,Significantly Improving,yes,Yes,33-007-4002
GRRI1,43.9373,-91.4052,,Great River Bluffs,Minnesota,,,,11.672455,10.646976,10.892775,10.932999,10.577085,8.840181,8.674835,8.895544,9.610396,9.307865,8.627134,8.842778,7.774463,7.95458,7.918809,7.682085,8.235297,-0.900057,-0.225179,0.000001,Significantly Improving,no,No,27-169-9000
GRSA1,37.7248995,-105.518548,,Great Sand Dunes NM,Colorado,4.452344,4.531201,4.975619,4.479031,4.064831,3.25721,3.936073,3.563514,3.422811,3.643365,3.506117,3.889955,3.76658,4.241747,3.245217,2.793633,2.829249,2.634195,2.189853,3.015756,-0.821859,-0.100255,0.000009,Significantly Improving,yes,Yes,08-003-9000
GRSM1,35.63342,-83.94164733,"Great Smoky Mountains National Park, Look Rock",Great Smoky Mountains NP,Tennessee,14.823483,13.419497,13.933927,12.016787,13.696974,14.11662,12.7327,13.158566,11.624614,10.129511,12.593146,11.167895,10.373429,8.99438,10.256022,7.251574,8.737568,8.43006,7.090084,7.022562,-0.9296,-0.395226,0,Significantly Improving,yes,Yes,47-009-0101
GUMO1,31.833006,-104.8094335,,Guadalupe Mountains NP,Texas,6.267406,6.218721,6.38022,5.90837,4.835408,6.122124,5.850348,5.302087,5.373563,4.578975,4.092344,5.252884,6.490175,5.830778,5.207244,4.616676,3.717739,5.035232,5.06952,4.911763,-0.572334,-0.074911,0.008362,Significantly Improving,yes,Yes,48-109-0101
HACR1,20.7585,-156.2479,Haleakala Crater,Haleakala Crater,Hawaii,,,,,,,,0.845624,0.595146,1.311868,0.418849,0.675551,0.799617,,0.557369,0.299606,0.503119,0.681586,0.357256,0.692838,-0.445767,-0.029498,0.14639,Possible Improvement,yes,No,15-009-9001
HALE1,20.8085625,-156.282256,Haleakala National Park,Haleakala NP,Hawaii,,4.597785,4.768673,4.28572,4.534956,3.741697,4.548644,4.636164,4.55624,4.644337,4.369809,4.758027,,,,,,,,,0.127382,0.011079,0.708973,No Trend,yes,No,15-009-9000
HAVO1,19.4309045,-155.257945,,Hawaii Volcanoes NP,Hawaii,,4.139879,3.93593,4.205969,3.961844,3.580257,3.284289,4.043822,4.070653,3.914872,3.593251,3.179871,2.908655,3.913791,3.454278,3.998777,2.8155,3.723603,,3.764415,-0.42182,-0.032336,0.08123,Possible Improvement,yes,Yes,15-001-9002
HECA1,44.970228,-116.84376,,Hells Canyon,Oregon,,5.541732,5.818865,,5.197181,4.700296,4.710822,5.229544,4.612302,,4.151563,4.410079,3.675306,4.256961,3.99755,4.253265,3.628428,4.320504,3.787177,4.191713,-0.845381,-0.094985,0.000019,Significantly Improving,yes,Yes,41-063-0002
HEGL1,36.6137995,-92.9220565,,Hercules-Glades,Missouri,,,13.63509,12.224816,12.657526,13.619345,13.338166,12.993376,11.713826,10.957435,11.606118,11.476,10.993145,9.783135,9.967876,9.064873,10.196679,9.74403,9.575833,8.285686,-0.92587,-0.284328,0,Significantly Improving,yes,Yes,29-213-0003
HILL1,34.4289,-112.9628,HILLSIDE,Hillside,Arizona,,,4.079113,4.078961,4.378343,,,,,,,,,,,,,,,,0.865805,0.149615,0.333614,No Trend,no,No,04-025-0005
HOOV1,38.08812233,-119.1771023,Hoover Wilderness,Hoover,California,,,1.823139,1.115073,1.375484,1.166367,1.368598,1.720427,1.220711,1.103208,1.056336,1.409693,1.029702,0.951028,1.385609,0.995587,1.124239,0.404105,1.3506,1.511678,-0.37785,-0.022466,0.122114,Possible Improvement,yes,Yes,06-051-9000
IKBA1,34.340486,-111.6831813,Mazatzal Wilderness - Ike's Backbone,Ike's Backbone,Arizona,,5.866181,5.513263,4.942415,5.281208,4.969169,6.498903,5.218221,4.265505,4.37393,4.550158,4.284522,4.986604,3.711725,4.085418,4.073376,3.968603,4.592685,4.097995,,-0.735544,-0.101344,0.000504,Significantly Improving,yes,Yes,04-025-8104
INGA1,36.0778,-112.1288,,Indian Gardens,Arizona,,,,,,,5.185699,4.738247,3.365887,,3.988268,3.766809,4.200664,,,,,,,,-0.546104,-0.1527,0.262276,No Trend,no,No,04-005-8100
ISLE1,47.459623,-88.14909,,Isle Royale NP,Michigan,6.497652,7.171033,7.06958,6.993413,6.127092,7.081245,6.441994,6.35823,5.608389,5.130043,5.323032,6.063779,5.531705,4.943927,5.641743,5.65551,5.063702,5.720875,4.441941,4.604027,-0.847211,-0.119469,0.000002,Significantly Improving,yes,Yes,26-083-9000
JARB1,41.89256125,-115.4260738,Jarbidge Wilderness,Jarbidge Wilderness,Nevada,,2.749042,2.439501,2.539348,2.530514,2.482542,2.37612,2.225011,1.906557,1.771112,1.93002,2.132561,2.076008,1.513409,1.768332,1.725217,1.909225,1.885157,1.897447,2.046257,-0.778721,-0.046703,0.000086,Significantly Improving,yes,Yes,32-007-9000
JARI1,37.62661825,-79.51251575,Natural Bridge Ranger Station,James River Face Wilderness,Virginia,,14.542399,15.647092,12.846782,13.803065,14.91938,14.753521,13.776088,13.146181,11.553074,13.511847,11.574347,12.122281,9.855185,10.814668,9.763486,9.56802,8.377769,8.822536,8.411582,-0.928977,-0.389107,0,Significantly Improving,yes,Yes,51-163-0003
JOSH1,34.069493,-116.3888515,Joshua Tree National Park - Black Rock,Joshua Tree NP,California,,5.883559,6.594632,6.190721,5.635839,5.463254,5.66858,5.71706,5.05294,4.40915,4.651395,4.366159,4.416464,3.519968,5.128275,4.24257,5.063608,4.788165,4.228276,4.822327,-0.732732,-0.101588,0.000359,Significantly Improving,yes,Yes,06-071-9002
KAIS1,37.22066,-119.154568,Kaiser Wilderness,Kaiser,California,,,2.557151,2.061091,2.256585,1.151585,2.09906,1.825729,1.391185,1.805183,1.296797,1.60038,1.182153,1.748656,1.429086,1.861524,1.242144,1.476304,1.729291,0.946151,-0.598096,-0.047682,0.008746,Significantly Improving,yes,Yes,06-0199-000
KALM1,42.551996,-124.058872,IVA,Kalmiopsis,Oregon,,6.336296,5.79012,6.238451,6.721543,7.00095,5.827301,6.289372,6.744267,6.083092,5.882565,6.691081,5.598884,5.780825,6.507255,6.020364,5.383189,5.537128,6.058795,5.93911,-0.432545,-0.03466,0.064365,Possible Improvement,yes,Yes,41-033-0010
KPBO1,60.012315,-151.711491,,Kenai Peninsula Borough,Alaska,,,,,,,,,,,,,,,,,5.461998,6.375719,6.222198,6.151437,0.61057,0.19148,0.38943,No Trend,yes,No,02-122-0009
LABE1,41.711688,-121.5068465,Lava Beds National Monument,Lava Beds NM,California,,3.609408,3.139379,2.97548,3.129773,2.941316,2.436895,3.607832,2.612169,2.503336,2.615751,3.155936,2.437463,2.855594,2.558845,3.040631,1.876153,2.269639,2.760259,2.338392,-0.616654,-0.048954,0.004923,Significantly Improving,yes,Yes,06-093-0005
LASU1,40.6883,-91.9883,,Lake Sugema,Iowa,,,,13.551409,12.394322,,,,,,,,,,,,,,,,,,,,no,No,19-177-9000
LASU2,40.6932,-92.0059,LAKE SUGEMA STATE PARK II,Lake Sugema,Iowa,,,,,,14.727453,14.066831,13.067238,11.837827,11.436301,11.197057,11.817643,11.549268,10.821219,10.766191,,,10.133628,11.113119,10.467985,-0.834841,-0.252116,0.000384,Significantly Improving,no,No,19-177-0006
LAVO1,40.53981733,-121.576811,Lassen Volcanic National Park,Lassen Volcanic NP,California,3.386471,2.525796,2.679473,2.060761,2.662629,2.544135,2.172009,2.864856,2.790287,2.384723,1.785824,2.187153,1.98785,1.87412,2.408941,2.563329,1.824787,1.728662,2.449746,2.193337,-0.554112,-0.039459,0.01124,Significantly Improving,yes,Yes,06-089-3003
LIGO1,35.97231675,-81.93305425,Linville Falls,Linville Gorge,North Carolina,,11.939199,12.11112,9.731204,10.656766,12.574209,,12.0595,10.612448,9.611709,11.600104,8.753613,9.614809,9.03896,8.528538,6.802546,8.14528,7.511595,7.054477,5.597708,-0.868292,-0.312779,0.000003,Significantly Improving,yes,Yes,37-011-0002
LIVO1,38.5346,-86.2604,,Livonia,Indiana,,,17.375448,15.797887,14.826202,16.464758,15.596803,15.928626,14.565289,14.099934,14.61398,,,,,,,,,,-0.748567,-0.286628,0.020314,Significantly Improving,no,No,18-175-9000
LOND1,42.8624,-71.3801,MOOSEHILL SCHOOL,Londonderry,New Hampshire,,,,,,,,,,,,9.842574,9.343438,8.172165,8.328612,7.982494,7.787215,8.721997,7.873281,7.611005,-0.770759,-0.212975,0.015052,Significantly Improving,no,No,33-015-0018
LOST1,48.6418965,-102.402155,LOSTWOOD NWR,Lostwood,North Dakota,9.059133,8.188333,7.872984,7.913305,7.93084,7.584025,7.830349,8.801123,8.157968,8.373843,7.494593,8.102455,,8.609832,7.690808,7.796966,6.760775,7.416815,7.60846,7.048636,-0.573001,-0.053501,0.010334,Significantly Improving,yes,Yes,38-013-0004
LYBR1,43.14815133,-73.12679167,,Lye Brook Wilderness,Vermont,6.492579,6.471418,6.427856,5.831363,6.609867,5.446195,5.243543,5.744724,,4.109623,4.083329,5.399928,,,,,,,,,-0.809477,-0.196708,0.002537,Significantly Improving,yes,No,50-003-8001
LYEB1,42.9561,-72.9098,,Lye Brook Wilderness,Vermont,,,,,,,,,,,,,5.492775,5.352657,5.004227,5.202523,4.877692,5.43004,4.622517,4.246741,-0.769393,-0.135956,0.025601,Significantly Improving,yes,No,50-025-8001
MACA1,37.13176667,-86.147856,"Mammoth Cave National Park, Houchin Meadow",Mammoth Cave NP,Kentucky,17.089262,15.173291,17.414516,16.65888,16.22123,17.107483,16.642309,15.714101,15.092497,14.0911,15.49405,13.282836,13.438923,12.15331,13.033061,10.488671,11.708183,11.055674,10.248696,10.067962,-0.933013,-0.393547,0,Significantly Improving,yes,Yes,21-061-0501
MAKA1,48.37185,-124.595,Neah Bay (Makah Tribe),Makah Tribe,Washington,,,,,,,,10.840506,11.255123,,,,,,,,,,,,,,,,no,No,53-009-0014
MAKA2,48.3,-124.62,Neah Bay (Makah Tribe),Makah Tribe Site,Washington,,,,,,,,,,,,3.854867,2.678507,2.296777,3.396833,2.987892,3.012464,2.990619,2.362426,3.321291,-0.190035,-0.034654,0.624325,No Trend,no,No,53-009-0013
MAVI1,41.3309,-70.7846,"1 HERRING CREEK RD, AQUINNAH (WAMPANOAG TRIBAL SITE)",Martha's Vineyard,Massachusetts,,,,11.827654,12.2509,12.314757,11.224943,10.463125,10.767825,9.941603,9.984711,11.293091,9.928976,8.924699,10.228745,10.137877,9.421528,10.031428,8.725236,8.651948,-0.8497,-0.190711,0.000016,Significantly Improving,no,No,25-007-0001
MEAD1,36.0193,-114.0684,,Meadview,Arizona,,,,,4.205949,4.013077,4.51607,4.15402,3.349396,,3.390907,3.382545,4.279002,3.172295,3.403814,3.09017,2.751081,3.709574,3.300225,2.996917,-0.706738,-0.077041,0.003221,Significantly Improving,no,No,04-015-9000
MELA1,48.48712475,-104.475658,,Medicine Lake,Montana,8.010009,7.635889,6.778469,6.916344,7.006569,7.021872,5.793911,6.504112,6.871194,6.427718,6.032026,6.878086,5.882318,7.568941,6.312069,5.916785,5.692696,6.169131,6.878361,6.085131,-0.573712,-0.063107,0.008171,Significantly Improving,yes,Yes,30-091-9000
MEVE1,37.1983925,-108.4906678,"Mesa Verde National Park, Resource Management Area",Mesa Verde NP,Colorado,4.347764,3.977506,4.681729,4.695934,3.916787,2.981944,3.603356,3.337563,2.829041,3.003331,3.032193,3.187316,2.726863,2.90555,2.435899,2.598787,2.292327,1.884468,2.184408,2.290745,-0.911995,-0.127082,0,Significantly Improving,yes,Yes,08-083-0101
MING1,36.97167767,-90.14323733,,Mingo,Missouri,,13.671844,15.368937,14.731751,13.716468,,14.203428,15.12518,13.81905,12.326593,13.584634,12.588028,12.321528,11.510376,12.213585,10.650657,10.727429,11.15381,10.658446,,-0.890213,-0.26047,0.000002,Significantly Improving,yes,Yes,29-207-0001
MKGO1,41.4269,-80.1453,,M.K. Goddard,Pennsylvania,,,14.748652,13.756679,13.757832,14.775888,13.022328,12.914941,13.296762,11.80632,11.538021,,,,,,,,,,-0.865801,-0.357945,0.00255,Significantly Improving,no,No,42-085-9000
MOHO1,45.288754,-121.783687,,Mount Hood,Oregon,,3.12492,2.307459,1.517875,1.722779,2.021054,1.848515,1.72541,1.662893,1.500411,0.986058,1.470701,1.200488,1.326023,1.30844,1.370093,1.364866,1.453282,1.47726,1.82657,-0.597434,-0.04999,0.00691,Significantly Improving,yes,Yes,41-005-0010
MOMO1,41.8214,-73.2973,Mohawk Mt-Cornwall,Mohawk Mt.,Connecticut,,,10.343605,9.309048,9.845922,8.870716,8.393931,7.87707,,6.968926,6.711987,8.059371,7.503348,6.701723,7.346448,6.081037,6.30243,6.193416,6.030793,5.460744,-0.93,-0.244448,0,Significantly Improving,no,Yes,09-005-0005
MONT1,47.122202,-113.1543817,,Monture,Montana,,4.903295,3.502614,3.074578,3.972971,3.798117,3.088438,2.858328,2.75271,3.193372,2.76255,2.66602,2.56549,2.536208,2.354852,2.802164,2.175203,2.592814,2.865421,3.049713,-0.700643,-0.080212,0.000834,Significantly Improving,yes,Yes,30-077-9000
MOOS1,45.125887,-67.26610525,,Moosehorn NWR,Maine,8.937848,9.307403,9.116468,9.484775,8.933956,7.985111,8.604345,7.793849,7.823735,6.834976,5.979026,6.974115,7.321389,6.545155,6.900479,6.638016,6.089304,6.768827,6.573346,6.305833,-0.88826,-0.173715,0,Significantly Improving,yes,Yes,23-029-1004
MORA1,46.75828,-122.124437,MT RAINIER NAT'L PARK - PARADISE,Mount Rainier NP,Washington,6.060886,6.055321,4.847561,,4.940193,5.674411,4.813818,5.069439,4.720112,4.287326,3.585049,4.392512,3.830195,3.606583,4.000422,3.778342,4.003989,3.750674,3.848105,4.772817,-0.775554,-0.104301,0.000096,Significantly Improving,yes,Yes,53-053-0014
MOZI1,40.53832367,-106.6765547,,Mount Zirkel Wilderness,Colorado,,2.688625,1.434048,1.201092,1.120745,0.691069,0.916327,0.763895,0.41137,0.558278,0.156617,0.395423,0.928062,0.158841,0.225237,0.226954,-0.259342,0.336285,0.629282,0.362641,-0.733874,-0.083747,0.000348,Significantly Improving,yes,Yes,08-057-9000
NEBR1,41.8888,-100.3387,,Nebraska NF,Nebraska,,,,6.61694,6.905781,6.71423,6.142805,7.12612,7.001475,6.156929,5.887079,6.232157,5.547915,5.827131,5.807077,5.527535,,,5.835934,5.408298,-0.800029,-0.091836,0.000342,Significantly Improving,no,No,31-171-9000
NEYO1,40.8161,-73.9019,IS 52,Is 52,New York,,,,,,16.533741,14.935519,15.274236,15.786182,14.468965,,,,,,,,,,,-0.651506,-0.327889,0.233619,No Trend,no,No,36-005-0110
NOAB1,44.7447965,-109.3815898,,North Absaroka,Wyoming,,,2.226131,1.865653,1.975947,1.263165,1.079129,,1.270591,,,1.388359,1.441288,1.340109,0.904442,0.969478,0.407938,0.810201,0.64066,0.319248,-0.865123,-0.082396,0.000031,Significantly Improving,yes,No,56-029-9002
NOCA1,48.73159067,-121.064598,,North Cascades,Washington,,3.798077,3.114667,3.210993,3.368569,3.272161,2.782368,2.991029,3.68026,3.006813,2.697512,3.005248,2.33636,2.347944,2.855157,2.473943,2.314131,2.518055,2.156814,2.748217,-0.780138,-0.064223,0.000082,Significantly Improving,yes,Yes,53-073-0022
NOCH1,45.6495,-106.5574,,Northern Cheyenne,Montana,,,,3.561988,3.396624,3.678591,3.140152,3.966221,3.414068,3.541063,3.537618,2.975462,2.93459,3.057587,2.668355,3.098125,2.33442,3.235113,3.03634,2.958233,-0.663048,-0.052258,0.003718,Significantly Improving,no,No,30-087-0762
OKEF1,30.7405305,-82.1283385,,Okefenokee NWR,Georgia,16.876799,14.986961,15.179776,13.475068,15.633974,15.454372,15.480556,14.565278,13.476024,13.394059,14.319956,13.3195,12.953053,12.902693,12.075259,11.500607,11.375583,11.937426,10.936809,11.010799,-0.919187,-0.268996,0,Significantly Improving,yes,Yes,13-049-9000
OLTO1,44.9334,-68.6457,TOP OF APARTMENT BUILDING - 36 METERS FROM ROUTE 2 (MAIN STREET),Old Town,Maine,,,,10.856853,11.047771,10.353951,,,,,,,,,,,,,,,-0.701573,-0.251451,0.504963,No Trend,no,No,23-019-4003
OLYM1,48.006497,-122.9726957,,Olympic,Washington,,,5.520795,6.016798,6.537648,5.869065,5.229136,5.05197,4.980724,4.07571,3.649315,3.553638,3.213385,4.224279,3.798479,3.388126,3.416808,3.529408,3.640181,5.259345,-0.716693,-0.142399,0.000818,Significantly Improving,yes,Yes,53-009-0020
OMAH1,42.1487,-96.4318,,Omaha,Nebraska,,,,,11.305469,11.358862,10.879199,11.21647,,,,,,,,,,,,,-0.447583,-0.074666,0.552417,No Trend,no,No,31-173-9000
ORPI1,31.9506,-112.8016,ORGAN PIPE NM,Organ Pipe,Arizona,,,,6.937569,6.634227,6.950459,7.30561,6.579719,6.579266,6.436309,6.01853,5.748167,6.26621,5.894646,6.605277,6.36353,5.725529,5.962369,6.084025,5.909549,-0.74245,-0.067468,0.000642,Significantly Improving,no,No,04-019-0005
OWVL1,37.3607,-118.3308,White Mountain Research Center - Owens Valley Lab,Owens Valley,California,,,,,,,,,,,,,,,5.053877,4.84072,4.32421,3.904116,4.299533,,-0.839799,-0.244529,0.075095,Possible Improvement,no,No,06-027-0002
PACK1,42.8619,-71.8786,MILLER STATE PARK,Pack Monadnock Summit,New Hampshire,,,,,,,,,6.560297,4.824526,5.139491,5.633841,5.548746,5.116164,4.879376,4.569926,4.571637,5.269357,4.214234,3.994421,-0.75161,-0.144379,0.004821,Significantly Improving,no,No,33-011-5001
PASA1,48.38772633,-119.9275383,,Pasayten,Washington,,2.951709,2.621664,2.493095,2.788858,3.106131,1.984252,2.413832,2.686311,2.307938,1.657642,2.228527,1.548725,1.750064,1.840238,1.579994,1.49902,1.656936,1.673761,2.0165,-0.804283,-0.073938,0.000033,Significantly Improving,yes,Yes,53-047-0012
PEFO1,35.077749,-109.769242,"Petrified Forest National Park, South Entrance",Petrified Forest NP,Arizona,5.040748,4.981258,5.087068,5.425478,4.585404,4.544485,5.351012,4.901404,4.068782,4.229652,4.270627,4.032628,4.23583,3.625989,3.366153,3.362294,3.111828,2.973372,3.419847,3.404402,-0.9128,-0.119509,0,Significantly Improving,yes,Yes,04-017-0119
PENO1,44.94798,-68.64786,Penobscot,Penobscot,Maine,,,,,,,9.177208,8.373859,8.516966,7.552736,7.241635,8.382811,8.504009,8.189334,7.768271,6.961782,6.744951,8.109081,7.446935,6.754592,-0.673737,-0.119941,0.008247,Significantly Improving,no,No,23-019-9000
PETE1,56.61076,-132.81234,,Petersburg,Alaska,,,,,,3.44157,3.374066,3.419961,3.337928,,,,,,,,,,,,-0.736381,-0.026503,0.263619,No Trend,no,No,02-280-9000
PHOE1,33.5038,-112.0958,JLG SUPERSITE,Phoenix,Arizona,,,14.737944,14.32275,13.132068,12.847172,,,11.863557,11.269488,,11.668243,11.742789,10.654096,10.832081,11.090764,11.622836,11.979545,11.78293,10.403295,-0.807742,-0.180673,0.00027,Significantly Improving,no,No,04-013-9997
PINN1,36.483349,-121.156791,Pinnacles National Park,Pinnacles NM,California,9.811982,,8.626003,8.395247,8.74354,7.759414,7.842827,8.473154,8.401888,7.228148,7.299226,7.66715,7.109317,8.311148,7.902605,7.691993,7.414093,7.60935,8.02362,,-0.633406,-0.07757,0.004772,Significantly Improving,yes,Yes,06-069-0003
PMRF1,44.5284,-72.8688,PROCTOR MAPLE RESEARCH CTR,Proctor Maple R. F.,Vermont,,,8.673098,7.820652,8.25863,7.93819,7.968895,7.707449,7.583679,6.267278,6.774143,7.819628,6.395888,6.475997,6.536473,5.719835,5.646732,6.066298,5.562808,5.305072,-0.924609,-0.18305,0,Significantly Improving,no,Yes,50-007-0007
PORE1,38.122422,-122.908532,Point Reyes NS Ranger Station,Point Reyes National Seashore,California,10.487879,,10.61985,,10.507909,9.788174,9.553973,8.907503,9.518188,7.764458,8.170723,8.926629,7.015788,7.088675,7.592278,8.088181,,8.458937,8.481761,8.149035,-0.753305,-0.155006,0.000481,Significantly Improving,yes,Yes,06-041-0002
PRIS1,46.6964,-68.0333,,Presque Isle,Maine,,,9.391976,9.531031,9.519618,8.800838,9.365064,8.243605,8.213631,8.402203,6.81459,8.253063,7.847786,7.196859,8.386731,6.657788,7.258489,7.675578,6.329633,6.723493,-0.860711,-0.16821,0.000005,Significantly Improving,no,Yes,23-003-1020
PUSO1,47.5696,-122.3119,SEATTLE - BEACON HILL,Puget Sound,Washington,,,13.143414,13.108427,13.364298,13.160104,,12.16263,11.538288,11.771761,10.758422,10.206801,10.205219,10.036733,10.024464,9.845448,9.207916,9.969501,,10.778173,-0.892157,-0.240931,0.000003,Significantly Improving,no,Yes,53-033-0080
QUCI1,39.9428,-81.3378,"ST JOHNS ROAD QUAKER CITY, OH",Quaker City,Ohio,,,15.594571,15.29553,14.665032,16.09053,14.750456,14.712772,14.040578,13.019758,13.993896,12.801492,12.235139,12.121326,12.46736,11.53288,10.506119,10.170857,11.065963,10.325436,-0.959931,-0.34127,0,Significantly Improving,no,Yes,39-121-8001
QURE1,42.2985,-72.3346,QUABBIN RES,Quabbin Summit,Massachusetts,,,9.831937,9.513831,10.055201,9.109242,8.496387,8.322528,,7.455435,6.818647,7.736766,7.451954,6.406767,6.640349,6.407434,,,,,-0.949798,-0.284814,0.000001,Significantly Improving,no,No,25-015-4002
QUVA1,33.2939,-111.2858,QUEEN VALLEY,Queen Valley,Arizona,,,8.086043,8.013554,7.41924,8.100941,8.449971,,7.230965,6.360681,7.027093,6.983885,7.126565,6.292985,7.061408,6.763161,,,,,-0.758588,-0.119184,0.002647,Significantly Improving,no,No,04-021-8001
RAFA1,34.7339215,-120.0074175,San Rafael Wilderness,San Rafael,California,7.267232,5.535383,7.113136,5.653621,6.703959,5.015575,5.18044,6.825389,5.926275,4.625928,4.319848,4.596822,4.366313,5.389719,5.047763,5.19136,4.883103,4.022139,5.488223,4.752727,-0.642563,-0.102581,0.002248,Significantly Improving,yes,No,06-083-9000
REDW1,41.56079133,-124.083946,Redwood NP,Redwood NP,California,7.280876,5.972898,6.087321,5.499887,5.791428,5.650421,5.906098,5.974834,5.489845,4.908968,4.208971,6.750478,4.800953,5.629186,5.04532,5.78329,4.696642,5.182721,5.922651,5.292773,-0.460979,-0.054813,0.04079,Significantly Improving,yes,Yes,06-015-0002
ROMA1,32.941048,-79.657168,CAPE ROMAIN,Cape Romain NWR,South Carolina,15.47585,13.807628,13.577858,13.727369,14.858061,16.317381,15.527469,14.888476,14.954547,13.26469,14.695656,13.167873,13.299976,,12.460857,12.204955,11.966396,11.176314,11.207732,11.297311,-0.801455,-0.208521,0.000037,Significantly Improving,yes,Yes,45-019-0046
ROMO1,40.27827833,-105.545723,,Rocky Mountain NP,Colorado,2.581209,2.405156,1.83149,2.534582,2.119114,2.123597,2.148966,2.313887,1.600725,1.970737,1.522012,1.637885,1.734611,1.054799,1.453509,1.01584,1.393804,1.439375,1.541672,1.337521,-0.838404,-0.066226,0.000004,Significantly Improving,yes,Yes,08-069-9001
SACR1,33.45975767,-104.4042353,,Salt Creek,New Mexico,,7.893648,7.876771,8.485822,7.107114,7.883021,8.044744,7.140167,6.766627,6.434299,6.1301,8.525869,7.96618,7.798815,7.273872,6.603528,6.793528,5.99263,6.45176,6.446158,-0.57813,-0.082063,0.009521,Significantly Improving,yes,Yes,35-005-9000
SAFO1,39.9791,-95.5682,,Sac and Fox,Kansas,,,,12.413461,12.335388,12.403872,12.470883,11.379234,11.700354,11.138556,12.067163,,,,,,,,,,-0.65175,-0.13822,0.07993,Possible Improvement,no,No,20-013-9000
SAGA1,34.29685,-118.02818,Lebec,San Gabriel,California,,,6.356141,4.396443,3.709995,4.285917,4.443903,5.429367,3.684469,,,,2.795707,2.409574,3.425646,2.258533,2.785052,2.440515,2.954195,2.11656,-0.835146,-0.17556,0.000107,Significantly Improving,yes,No,06-037-9034
SAGO1,34.193887,-116.913154,,San Gorgonio Wilderness,California,,5.015391,6.177668,5.083656,5.323102,3.964166,5.021956,5.488341,4.38626,3.637687,3.100158,3.406888,3.603379,3.150837,3.470465,2.937497,3.603599,3.22753,3.388998,3.374665,-0.815507,-0.141288,0.000021,Significantly Improving,yes,Yes,06-071-9010
SAGU1,32.174607,-110.737145,SAGUARO PARK,Saguaro NM,Arizona,,,7.37797,7.104968,6.350194,7.246781,7.785533,6.627713,5.853791,6.1729,5.812997,6.509332,6.345598,6.193704,6.445012,6.16247,5.948771,6.192772,5.682805,5.145099,-0.745444,-0.091422,0.000384,Significantly Improving,yes,Yes,04-019-0021
SAMA1,30.092559,-84.16135325,St. Marks Wildlife Refuge,St. Marks,Florida,,15.043004,14.126122,13.761963,14.443815,,16.202713,14.790545,14.772182,13.424191,14.657636,13.078177,12.970778,12.587741,11.273764,10.896965,11.446881,11.246046,10.897753,10.875736,-0.857733,-0.258286,0.000005,Significantly Improving,yes,Yes,12-129-0001
SAPE1,36.0139175,-106.844682,,San Pedro Parks,New Mexico,,1.894283,1.074814,1.381621,1.471202,0.865061,1.431107,1.046564,0.732372,1.121908,0.917555,1.310463,1.545596,0.605466,0.249129,0.848053,0.385718,0.169115,0.20125,0.249085,-0.78934,-0.072135,0.000059,Significantly Improving,yes,Yes,35-039-9000
SAWE1,32.2486,-111.2178,Saguaro National Park - West,Saguaro West,Arizona,,,9.227879,8.681559,7.817637,7.877379,9.045943,8.192076,7.633685,7.450829,6.681814,7.758306,8.125283,7.370843,7.365615,7.369078,7.27751,7.318226,7.320863,6.357174,-0.756031,-0.104638,0.000284,Significantly Improving,no,Yes,04-019-9000
SAWT1,44.17053733,-114.927141,,Sawtooth NF,Idaho,,4.858595,3.782505,3.205358,4.1487,3.512895,4.07653,3.82187,3.476058,3.779394,4.148987,3.014153,2.689804,2.891902,2.299735,2.589838,2.338691,2.992725,2.68555,2.622618,-0.79921,-0.101926,0.00004,Significantly Improving,yes,Yes,16-037-0002
SENE1,46.2889435,-85.950327,Seney,Seney,Michigan,6.510769,6.788573,7.826415,8.013624,6.584255,7.512014,6.684318,6.884258,5.936726,5.299467,5.439113,5.862072,5.7366,5.183136,5.50646,5.301357,5.180045,5.504946,4.83606,4.88747,-0.845315,-0.138486,0.000003,Significantly Improving,yes,Yes,26-153-0001
SEQU1,36.48941067,-118.8291297,Sequoia NP-Ash Mountain,Sequoia NP,California,9.733149,7.84125,8.869969,8.516275,8.861614,7.16518,7.718968,9.180466,9.26773,6.204028,5.839284,7.587683,6.913284,7.781179,7.135768,7.759297,6.807488,5.930635,7.461856,5.955067,-0.658028,-0.13025,0.001611,Significantly Improving,yes,Yes,06-107-1001
SHEN1,38.52293075,-78.434831,"Shenandoah National Park, Big Meadows",Shenandoah NP,Virginia,11.079403,13.210694,11.492609,9.47942,9.553939,10.482018,10.592411,11.129924,8.158956,8.233323,9.786919,7.869442,9.625093,7.501553,8.017652,6.49855,7.316842,6.353072,6.086504,6.437226,-0.887169,-0.299837,0,Significantly Improving,yes,Yes,51-113-0003
SHMI1,37.3038,-107.4842,,Shamrock Mine,Colorado,,,,,,3.322768,4.212336,3.605752,3.056747,3.656252,2.863353,3.326083,3.548055,3.04987,2.882896,2.47278,2.554389,2.860345,2.803612,2.252208,-0.7843,-0.090965,0.000537,Significantly Improving,no,No,08-067-9000
SHRO1,35.393671,-82.77439,Frying Pan Mountain,Shining Rock Wilderness,North Carolina,,8.921206,8.35569,6.056516,7.448215,7.530842,7.327516,8.025134,7.835625,5.800852,,,6.216091,4.149604,5.159428,3.775169,4.88943,4.780486,3.407955,3.596957,-0.893948,-0.270374,0.000001,Significantly Improving,yes,Yes,37-087-0035
SIAN1,34.0908,-110.9421,Sierra Ancha,Sierra Ancha,Arizona,,6.22162,6.493269,6.062836,5.873025,5.27484,6.072304,5.539726,5.087474,4.605522,5.629405,4.793499,5.396274,4.057933,4.490896,4.328797,,,,,-0.861987,-0.144498,0.000036,Significantly Improving,yes,No,04-007-8100
SIKE1,32.0574,-92.435,,Sikes,Louisiana,,,,13.507928,13.108871,15.162798,13.074127,13.890008,12.357302,11.749743,12.632395,,,,,,,,,,-0.575109,-0.244345,0.135849,Possible Improvement,no,No,22-127-9000
SIME1,55.32552,-160.50626,,Simeonof,Alaska,,,7.754263,6.788136,8.265767,7.801997,8.263148,8.062502,7.463864,8.281463,7.800778,8.570136,7.571081,7.285317,8.020862,7.329309,7.34359,7.961035,8.057198,8.080521,0.056794,0.004776,0.822882,No Trend,yes,Yes,02-013-0002
SIPS1,34.343334,-87.338791,SIPSEY (closed 11-01-2007),Sipsey Wilderness,Alabama,,14.440742,16.370401,16.255993,15.223475,15.826517,15.115644,14.45049,13.279623,11.838987,14.042823,14.147817,12.503924,11.69988,11.173613,10.400756,11.125283,10.366532,10.748062,9.755224,-0.922268,-0.356763,0,Significantly Improving,yes,Yes,01-079-0002
SNPA1,47.421981,-121.425916,,Snoqualmie Pass,Washington,,6.476986,5.391744,4.749929,5.383426,5.373649,4.98584,4.857995,4.578375,4.882604,3.456068,3.387537,3.835824,2.801088,3.385316,3.409737,3.795105,3.184878,2.763411,4.347227,-0.823984,-0.150969,0.000014,Significantly Improving,yes,Yes,53-037-0004
SPOK1,47.9045,-117.8609,,Spokane Res.,Washington,,,8.916483,10.140774,8.746731,,,,,,,,,,,,,,,,-0.111591,-0.084876,0.928811,No Trend,no,No,53-063-0051
STAR1,45.2249295,-118.512931,,Starkey,Oregon,,5.418231,5.528515,3.084729,3.917939,3.969795,3.249941,3.603811,3.668224,3.53036,3.052612,2.955963,2.349591,2.911079,2.677855,2.968877,2.548111,2.641154,3.131341,3.13057,-0.732412,-0.111707,0.000363,Significantly Improving,yes,Yes,41-061-0010
STIL1,35.75078,-94.66956,NEWKIRK IMPROVE,Stilwell,Oklahoma,,,,,,,,,,,,13.348029,11.630359,10.777293,11.292656,9.971666,10.959472,10.674663,10.481245,9.96281,-0.773613,-0.292111,0.014449,Significantly Improving,no,No,40-071-9010
SULA1,45.85981725,-114.000093,,Sula Peak,Montana,,3.059767,2.717028,1.802021,2.720544,2.514599,2.427086,2.540624,1.990126,2.311488,1.853357,1.688469,1.885573,1.62493,1.4293,1.738881,1.52104,1.927937,1.406991,1.911484,-0.785486,-0.067683,0.000067,Significantly Improving,yes,Yes,30-081-9000
SWAN1,35.45099,-76.207542,,Swanquarter,North Carolina,,13.115045,12.783576,11.459326,12.00903,13.828514,13.822877,12.735607,,12.550545,12.743196,10.703107,11.423908,11.392972,11.377342,11.181104,10.505711,9.703341,10.304788,9.555599,-0.805487,-0.181502,0.000055,Significantly Improving,yes,Yes,37-095-9000
SYCA1,35.14057967,-111.9692263,,Sycamore Canyon,Arizona,,5.469333,6.073174,5.87687,4.915207,4.816708,6.324877,4.68994,4.518363,5.377213,4.756254,4.720978,6.242582,4.177649,4.914743,,,,,,-0.392578,-0.064715,0.165001,No Trend,yes,No,04-005-8103
SYCA2,35.1639,-111.9823,,Sycamore Canyon,Arizona,,,,,,,,,,,,,,,,,3.942135,3.961242,4.34817,3.715322,-0.144309,-0.029351,0.855691,No Trend,yes,No,04-005-9000
TALL1,38.4341,-96.5602,,Tallgrass,Kansas,,,,11.101201,11.223445,11.501779,10.555052,10.291914,10.042041,9.949238,10.113327,10.80261,10.135691,9.178278,9.488335,9.00955,9.101538,8.260981,9.244581,8.273344,-0.908982,-0.175239,0,Significantly Improving,no,No,20-017-0001
THBA1,44.6634,-105.2874,Thunder Basin,Thunder Basin,Wyoming,,,,,5.028027,5.517454,,,,,,,5.064899,4.345819,3.936147,4.586776,3.594285,4.272606,4.942091,3.69585,-0.679824,-0.085063,0.030561,Significantly Improving,no,No,56-005-0123
THRO1,46.89481267,-103.3776753,PAINTED CANYON,Theodore Roosevelt,North Dakota,8.234807,7.80161,7.800628,7.498321,7.486217,6.797024,6.396268,,6.557504,7.031142,6.442652,5.807163,6.088411,6.527577,6.146739,6.156891,5.290953,5.930918,5.715034,,-0.908956,-0.130369,0,Significantly Improving,yes,Yes,38-007-0002
THSI1,44.2910435,-122.043361,,Three Sisters Wilderness,Oregon,3.674242,3.804881,2.82406,2.287245,2.630229,2.934117,2.755733,2.895833,3.251277,3.200749,2.561967,2.849807,2.353307,2.172619,2.66839,2.891285,2.43961,2.347126,2.710766,2.964102,-0.470415,-0.034153,0.036333,Significantly Improving,yes,Yes,41-039-0070
TONT1,33.654778,-111.106845,TONTO NM,Tonto NM,Arizona,,6.816567,6.688845,6.518383,5.814149,5.825116,6.092073,5.676421,5.570803,5.332933,5.605369,5.079715,5.645028,4.291763,5.428138,5.01987,4.416685,5.236115,5.058587,4.734316,-0.851997,-0.10541,0.000004,Significantly Improving,yes,Yes,04-007-0010
TRCR1,62.3153,-150.3156,,Trapper Creek,Alaska,,,3.433355,3.220467,3.733613,3.199162,3.962543,4.021483,4.171823,4.131826,3.795381,3.78954,4.029972,3.472517,3.420224,3.229448,2.980721,3.723072,3.452904,3.479927,-0.200052,-0.013288,0.426085,No Trend,yes,Yes,02-170-0011
TRIN1,40.78644467,-122.8045703,Trinity,Trinity,California,,3.416165,4.001594,2.926016,3.414901,,2.138104,3.931512,4.047176,2.627818,2.055339,2.848327,2.355558,2.881545,2.862163,3.644582,,2.83866,3.018605,2.210623,-0.378778,-0.043218,0.133793,Possible Improvement,yes,Yes,06-105-9000
TUXE1,59.98333,-152.65888,,Tuxedni,Alaska,,,4.209841,3.771868,3.990037,3.883921,4.39166,3.5627,4.077059,4.334498,3.887929,4.293828,3.936201,3.649889,3.820547,,,,,,-0.17662,-0.011906,0.563794,No Trend,yes,No,02-122-0009
ULBE1,47.582269,-108.7196377,,UL Bend,Montana,,5.216128,4.612862,4.562273,4.611904,4.447073,3.968352,4.394455,4.300939,4.586384,4.440976,3.704371,3.661906,3.778508,3.623067,3.639108,3.339872,4.020203,3.919804,4.158419,-0.747424,-0.063017,0.000235,Significantly Improving,yes,Yes,30-027-9000
UPBU1,35.8258255,-93.20295925,,Upper Buffalo Wilderness,Arkansas,12.871974,11.514189,12.833392,10.617645,10.737619,13.456491,12.998117,12.446053,10.487044,9.400878,,11.510627,10.308805,8.510758,8.130183,7.516328,9.612914,8.402832,7.350375,7.984886,-0.829306,-0.274248,0.000011,Significantly Improving,yes,Yes,05-101-9000
VIIS1,18.336311,-64.796191,"CRUZ BAY, ST JOHN U.S. VIRGIN ISLANDS",Virgin Islands NP,Virgin Islands,,9.076832,8.308369,8.135997,8.613963,9.238567,9.919768,,8.884358,9.932754,9.518511,9.175809,9.552711,9.844576,9.821695,9.583,10.368002,,,8.957807,0.575638,0.066462,0.019633,Significantly Degrading,yes,Yes,78-020-0001
VILA1,40.969,-95.045,VIKING LAKE STATE PARK,Viking Lake,Iowa,,,,14.022934,12.373118,13.604218,13.180246,12.495516,12.006793,10.772619,12.029461,12.038768,12.14092,10.837604,10.675181,10.344013,10.401193,10.084374,10.164077,9.233059,-0.919253,-0.247931,0,Significantly Improving,no,No,19-137-0002
VOYA2,48.4126,-92.8286,"VOYAGEURS NATIONAL PARK, NEAR SULLIVAN BAY",Voyageurs NP,Minnesota,7.017401,7.122561,7.536816,7.68222,6.370268,6.834282,6.452182,6.672294,6.463603,5.471722,5.91609,5.626481,6.166987,5.204057,5.745405,5.352829,4.886961,5.783815,4.787742,4.329935,-0.904107,-0.141135,0,Significantly Improving,yes,Yes,27-137-0034
WARI1,38.9519,-118.8146,,Walker River Paiute Tribe,Nevada,,,,,6.940971,,,,,,,,,,,,,,,,,,,,no,No,32-021-9000
WASH1,38.8762,-77.0344,HAINS POINT PM-2.5 AND IMPROVE SITE ON ROOF OF PARK POLICE BLDG.,Washington D.C.,District of Columbia,17.831779,17.102306,17.924294,16.785616,16.286261,17.713903,17.29434,16.797937,16.297438,15.00798,,14.286974,13.248208,,12.688263,,,,,,-0.899781,-0.360123,0.000028,Significantly Improving,no,No,11-001-0042
WEMI1,37.6594035,-107.799875,,Weminuche Wilderness,Colorado,,3.246902,3.260596,2.931603,3.019839,2.653676,2.916873,2.299436,2.157179,2.117757,1.93703,2.357879,1.995626,1.920954,1.878629,1.452918,1.51318,1.542575,1.670789,1.648235,-0.940275,-0.100429,0,Significantly Improving,yes,Yes,08-111-9000
WHIT1,33.4687025,-105.534883,,White Mountain,New Mexico,,,4.147688,3.533602,2.971527,2.988086,3.401064,3.863568,3.019317,3.241714,3.267834,3.390364,3.660995,3.155532,2.768238,2.60245,2.380683,2.545607,2.400965,2.941888,-0.698732,-0.064499,0.001255,Significantly Improving,yes,Yes,35-027-9000
WHPA1,46.624253,-121.3880833,,White Pass,Washington,,2.192868,1.899439,1.109331,1.453423,1.941928,1.823868,1.800676,1.479995,1.748274,0.970338,0.862731,1.289204,0.635314,0.832657,1.083467,0.934801,1.096168,1.026423,1.267562,-0.694693,-0.055327,0.000964,Significantly Improving,yes,Yes,53-041-0007
WHPE1,36.58538267,-105.452001,,Wheeler Peak,New Mexico,,,1.098049,1.515785,1.046026,0.632174,1.29031,1.238227,0.310868,0.368135,0.459414,1.210541,0.543254,0.149702,0.282555,0.435121,0.365116,0.144979,0.343563,0.204429,-0.74697,-0.063304,0.000368,Significantly Improving,yes,Yes,35-055-9000
WHRI1,39.1535855,-106.8209068,Ajax Mountain,White River NF,Colorado,,1.063665,0.624992,0.56237,0.560242,-0.053302,0.575008,0.339798,0.078791,0.133734,0.10777,-0.034396,-0.06935,-0.599109,-0.132036,-0.3556,-0.334028,-0.14963,0.185845,-0.65488,-0.819945,-0.064825,0.000017,Significantly Improving,yes,Yes,08-097-0002
WICA1,43.55763533,-103.483805,"Wind Cave National Park, Visitor Center",Wind Cave,South Dakota,5.55523,5.117954,5.239468,4.970784,4.816348,4.736467,4.516302,5.488475,4.345324,3.782794,4.674098,3.576634,,3.918385,3.22084,3.791962,3.267654,3.784061,3.558576,3.517849,-0.876101,-0.110564,0.000001,Significantly Improving,yes,Yes,46-033-0132
WIMO1,34.732281,-98.712976,,Wichita Mountains,Oklahoma,,,9.751031,10.018691,9.562185,10.593313,9.737344,9.320916,9.847766,,9.218363,10.339104,8.881111,8.442902,9.260182,8.487062,8.083247,7.737985,8.772103,9.77679,-0.635317,-0.091655,0.006134,Significantly Improving,yes,Yes,40-031-9000
WRIG1,34.38,-117.69,Wrightwood,Wrightwood,California,,,,,,,,,,,4.132768,5.074666,,,,,,,,,,,,,no,No,06-037-9000
YELL2,44.5653735,-110.400256,,Yellowstone NP,Wyoming,2.784182,2.979533,2.577423,1.938749,2.613298,2.063705,2.142539,2.204389,1.822528,1.937901,1.048256,1.384587,1.377854,1.733817,1.378931,1.364528,1.107211,1.644387,1.653145,1.456629,-0.813527,-0.076447,0.000013,Significantly Improving,yes,Yes,56-039-9000
YOSE1,37.7132605,-119.706087,"Yosemite National Park, Turtleback Dome",Yosemite NP,California,4.165253,2.847825,3.717363,3.16918,3.096636,2.986997,3.374515,3.894686,1.951077,2.38933,1.929687,2.777324,2.736632,3.185196,2.8079,3.007531,2.852612,2.389683,3.292133,3.169444,-0.335824,-0.032396,0.147734,Possible Improvement,yes,Yes,06-043-0003
ZICA1,37.1983,-113.1508,"Zion National Park, Dalton's Wash",Zion Canyon,Utah,,,,,4.478559,3.876853,4.702484,4.889882,4.022515,4.202542,,4.174267,4.482655,4.086801,3.972955,4.073997,3.304404,4.006817,3.957103,2.99297,-0.658728,-0.064612,0.007573,Significantly Improving,yes,No,49-053-0130
ZION1,37.4591,-113.2243,,Zion NP,Utah,,5.557702,4.808507,4.5109,,,,,,,,,,,,,,,,,-0.970355,-0.523401,0.1554,No Trend,yes,No,49-053-9000
