site_code,latitude,longitude,site_name,location,state,2000,2001,2002,2003,2004,2005,2006,2007,2008,2009,2010,2011,2012,2013,2014,2015,2016,correlation,slope,pvalue,trend,rhr_site,used_in_nat_agg,site_id
ACAD1,44.377103,-68.26100067,MCFARLAND HILL Air Pollutant Research Site,Acadia NP,Maine,8.90097,8.87427,8.770072,8.76972,8.562798,7.577583,8.172888,8.207291,7.763495,6.920979,6.706667,7.450556,7.773965,6.253867,7.0329,6.047949,5.861051,-0.910433,-0.183483,0,Significantly Improving,yes,Yes,23-009-0103
ADPI1,42.0912,-77.2099,PINNACLE STATE PARK,Addison Pinnacle,New York,,,12.38247,11.788986,11.183543,11.626996,10.221493,10.653923,10.987044,9.567366,,,,,,,,-0.861791,-0.317974,0.005935,Significantly Improving,no,No,36-101-0003
AGTI1,33.463646,-116.9706255,Aqua Tibia Wilderness,Agua Tibia,California,,10.174838,10.411803,9.388937,8.362797,6.882652,,9.029954,7.483157,6.347446,6.874679,6.050637,6.750952,6.223682,7.074996,6.507346,7.257925,-0.784802,-0.233642,0.00053,Significantly Improving,yes,Yes,06-065-9000
AREN1,39.9232,-77.3079,NARSTO SITE ARENDTSVILLE,Arendtsville,Pennsylvania,,,15.494482,14.319521,12.869276,14.406643,13.292478,13.220958,13.5867,11.702429,11.743106,,,,,,,-0.834482,-0.376794,0.005146,Significantly Improving,no,No,42-001-0001
BADL1,43.7435,-101.941167,SOUTH OF BADLANDS NP HEADQUARTERS,Badlands NP,South Dakota,7.378665,7.454413,6.693753,6.295306,6.620573,7.049261,6.204569,7.067549,7.618619,6.073006,6.415857,5.561391,5.436031,5.427431,5.624652,5.6677,4.961824,-0.803746,-0.128356,0.000101,Significantly Improving,yes,Yes,46-071-0001
BALD1,34.058441,-109.440564,Mount Baldy,Mount Baldy,Arizona,,,,2.61375,2.818039,3.034879,3.150855,2.664821,2.664767,3.03084,2.94992,,2.39067,2.315101,1.890042,2.040258,1.12987,-0.778006,-0.101968,0.001738,Significantly Improving,yes,No,04-001-8001
BALT1,39.2547,-76.7093,,Baltimore,Maryland,,,,,,16.353081,15.125345,,,,,,,,,,,,,,,no,No,24-005-9000
BAND1,35.77967467,-106.2664027,,Bandelier NM,New Mexico,4.950724,4.893608,5.029933,4.941599,4.945595,4.085931,4.633621,4.492293,3.914259,3.635648,3.521362,4.067342,4.277667,4.447971,3.189845,3.465929,2.545686,-0.83132,-0.118998,0.000035,Significantly Improving,yes,Yes,35-028-1002
BIBE1,29.3027265,-103.178015,"Big Bend National Park, K-Bar Ranch Road",Big Bend NP,Texas,,7.089529,5.67827,5.736406,4.619389,6.326198,6.322824,5.650881,5.509337,5.670812,4.806014,6.362142,6.777195,4.612475,6.166374,4.801066,4.460143,-0.386781,-0.066466,0.138888,Possible Improvement,yes,Yes,48-043-0101
BIRM1,33.5531,-86.8148,North Birmingham,North Birmingham,Alabama,,,,,,19.613104,18.404909,17.746214,16.508995,15.281111,16.527834,16.158155,15.425795,13.517726,14.342473,13.064761,12.71081,-0.952302,-0.568898,0.000002,Significantly Improving,no,No,01-073-0023
BLIS1,38.97608043,-120.1024508,Bliss SP,Bliss SP,California,3.476048,2.303489,2.204421,2.108829,,2.0804,2.005403,2.663553,2.155781,1.882682,1.735376,2.213625,1.62703,1.833226,1.795856,2.624066,1.050187,-0.586227,-0.060986,0.017005,Significantly Improving,yes,Yes,06-017-9000
BLMO1,43.7158,-96.1913,,Blue Mounds,Minnesota,,,,12.030942,10.57904,11.068431,11.528581,11.597149,10.768879,10.027076,9.967242,10.987017,10.54177,10.134357,10.248271,9.822736,,-0.726695,-0.12979,0.004897,Significantly Improving,no,No,27-133-9000
BOAP1,33.8695155,-106.8519618,,Bosque del Apache,New Mexico,,,6.529932,6.773185,5.532241,5.859773,6.311757,5.856402,5.18171,5.541572,4.77189,6.211234,6.517302,5.577473,,4.717658,4.569517,-0.619153,-0.100215,0.018223,Significantly Improving,yes,Yes,35-053-9000
BOLA1,42.85,-109.64,Boulder Lake,Boulder Lake,Wyoming,,,,,,,,,,,1.484667,1.554449,1.187914,1.272751,1.191089,0.921426,0.490576,-0.908108,-0.151612,0.004677,Significantly Improving,no,No,56-035-9001
BOND1,40.052,-88.3733,ISWS CLIMATE STATION,Bondville,Illinois,,,15.784489,14.846199,14.812819,16.052044,14.945902,15.249822,14.123482,13.322502,13.253529,13.016428,12.707843,11.546103,12.205725,10.915385,10.858507,-0.946308,-0.361346,0,Significantly Improving,no,Yes,17-019-1001
BOWA1,47.946637,-91.49546367,Fernberg Road,Boundary Waters Canoe Area,Minnesota,6.008592,6.924075,,,,6.337307,5.730471,5.644565,5.515731,4.606569,4.784317,5.03171,5.394648,4.459466,4.923998,4.455497,3.934197,-0.879599,-0.147086,0.000034,Significantly Improving,yes,No,27-075-0005
BRCA1,37.61837567,-112.173555,,Bryce Canyon NP,Utah,2.998736,3.066195,2.623112,2.354556,2.802326,1.896157,2.359902,2.401669,1.65249,2.137955,1.656166,2.00073,1.674764,1.395587,1.156398,1.662577,,-0.887448,-0.106936,0.000005,Significantly Improving,yes,Yes,49-017-0101
BRID1,42.97486967,-109.75786,,Bridger Wilderness,Wyoming,2.533,2.496076,2.064643,1.645876,1.764583,1.599965,1.475358,1.968659,1.305894,1.2948,0.886771,1.115037,0.887955,0.884461,1.12407,0.791955,0.441331,-0.928892,-0.11011,0,Significantly Improving,yes,Yes,56-035-9000
BRIG1,39.464995,-74.449223,Brigantine,Brigantine NWR,New Jersey,14.263685,13.825856,14.83233,14.386653,14.361587,14.609203,15.349785,12.737269,,12.780625,11.816623,12.916883,11.926677,11.801419,11.663866,11.446753,10.939286,-0.878314,-0.237807,0.000008,Significantly Improving,yes,Yes,34-001-0006
BRIS1,30.1086,-89.7617,Breton Island,Breton Island,Louisiana,,,,,,,,,,13.50883,15.283543,14.79913,,11.648352,12.80836,12.291694,11.583638,-0.771822,-0.430206,0.042061,Significantly Improving,yes,No,22-071-9000
BRLA1,41.3662,-106.2418,,Brooklyn Lake,Wyoming,,1.195784,0.220128,0.122647,,,,,,,,,,,,,,-0.904166,-0.536568,0.280988,No Trend,no,No,56-001-9000
BRMA1,44.1074,-70.7292,,Bridgton,Maine,,,9.338686,8.919555,9.193311,7.769485,8.145648,7.757207,7.881849,6.639604,6.297325,7.332327,7.444076,6.712823,6.927857,6.221847,,-0.869891,-0.212568,0.000053,Significantly Improving,no,Yes,23-005-0103
CABA1,43.8325,-70.0644,,Casco Bay,Maine,,,9.835848,9.515984,10.121676,8.87744,8.982385,8.76746,9.649717,7.745135,7.639923,8.83762,9.168331,7.684728,7.811585,7.670579,7.077216,-0.805228,-0.171485,0.000292,Significantly Improving,no,Yes,23-005-9002
CABI1,47.954903,-115.670876,,Cabinet Mountains,Montana,,4.254784,3.722663,3.311555,3.207992,4.049289,2.376943,3.554605,3.185452,2.733776,2.046603,2.874136,2.093121,2.699491,2.584471,2.865384,2.007418,-0.746969,-0.108254,0.000884,Significantly Improving,yes,Yes,30-089-9000
CACO1,41.9758,-70.0242,TRURO NATIONAL SEASHORE,Cape Cod,Massachusetts,,,11.176595,10.999309,11.972757,12.122897,10.958425,10.016017,10.821537,9.888694,9.806114,10.347719,9.743069,9.425966,9.122951,8.741935,8.156845,-0.898404,-0.227562,0.000005,Significantly Improving,no,Yes,25-001-0002
CACR1,34.45435167,-94.14289033,EAGLE MOUNTAIN,Caney Creek,Arkansas,,,11.876369,10.743329,11.10842,12.930178,12.506052,,9.241168,8.094018,10.756601,11.705535,9.540933,8.60615,8.522655,7.034071,8.826792,-0.723136,-0.282936,0.003471,Significantly Improving,yes,Yes,05-113-0003
CADI1,36.7842,-87.8501,"OLD DOVER HIGHWAY CADIZ,KY",Cadiz,Kentucky,,,16.836565,15.249697,15.118828,16.091251,15.424332,15.246219,13.680227,14.166267,15.612343,,,,,,,-0.57756,-0.197824,0.103397,Possible Improvement,no,No,21-221-8001
CANY1,38.45870025,-109.8210083,"Canyonlands National Park, Island in the Sky",Canyonlands NP,Utah,3.623353,4.070679,4.197881,3.327374,3.523793,2.339872,2.687808,3.042338,2.705935,3.269112,2.74397,2.746647,3.198073,3.366334,2.601825,2.470734,1.509782,-0.696846,-0.091258,0.00188,Significantly Improving,yes,Yes,49-037-0101
CAPI1,38.3022155,-111.292561,,Capitol Reef NP,Utah,,,,3.119243,4.12255,2.567083,,3.146992,2.49602,2.711025,2.146639,2.890921,2.409334,2.926065,2.120871,2.641128,2.026094,-0.639264,-0.084291,0.018651,Significantly Improving,yes,No,49-055-9000
CEBL1,38.7701,-99.7634,CEDAR BLUFF,Cedar Bluff,Kansas,,,,9.242009,9.269907,8.581376,7.548659,9.556343,8.736299,7.238986,7.962547,8.433336,7.841373,8.70126,7.816343,7.086169,6.432077,-0.685747,-0.149731,0.006781,Significantly Improving,no,No,20-195-0001
CHAS1,28.74841233,-82.55486667,,Chassahowitzka NWR,Florida,16.350399,16.289352,14.974752,,,,16.895828,15.841875,15.029699,13.951654,14.062733,14.012503,13.481513,13.283758,12.89011,12.663691,11.710097,-0.88726,-0.267015,0.000023,Significantly Improving,yes,No,12-017-9000
CHER1,36.9562,-97.0313,NEWKIRK IMPROVE,Cherokee Nation,Oklahoma,,,,12.78592,11.732017,13.555435,11.982873,11.794065,10.797606,10.982925,,,,,,,,-0.721074,-0.322828,0.067452,Possible Improvement,no,No,40-071-9010
CHIR1,32.009381,-109.3889515,Chiricahua National Monument,Chiricahua NM,Arizona,5.131346,4.916055,5.605649,4.672206,4.216388,4.792806,5.189798,4.177882,3.647142,4.096674,3.954829,4.08664,4.394301,4.094668,4.034785,3.576738,3.599139,-0.788142,-0.092901,0.000171,Significantly Improving,yes,Yes,04-003-8001
CLPE1,44.3335,-106.9565,,Cloud Peak,Wyoming,,,,1.47567,1.00605,1.355285,1.174243,1.629065,1.111197,1.207332,0.998239,0.941201,1.0746,0.896694,0.989378,,,-0.625895,-0.03937,0.029474,Significantly Improving,no,No,56-019-9000
COGO1,45.5693,-122.2103,,Columbia Gorge #1,Washington,,,9.545209,8.414027,9.92761,9.550048,8.610092,9.034286,9.45604,9.448139,,,,,,,,0.051338,0.010841,0.90391,No Trend,no,No,53-039-0010
COHI1,42.4009,-76.6534,Connecticut Hill,Connecticut Hill,New York,,,12.069018,11.757539,11.427091,12.273334,,,,,,,,,,,,0.098586,0.02825,0.901414,No Trend,no,No,36-109-9991
COHU1,34.7851845,-84.62649925,Fort Mountain,Cohutta,Georgia,,,13.89085,,13.339894,14.313398,,13.868001,12.213617,9.609242,13.101585,11.048759,11.637653,9.299862,9.61262,6.398403,8.526114,-0.850755,-0.47805,0.000227,Significantly Improving,yes,Yes,13-213-0003
CORI1,45.6644,-121.0008,,Columbia River Gorge,Washington,,10.657584,,8.552767,9.65098,10.674175,10.766993,10.218111,8.707231,9.198982,9.194655,8.897071,,7.926406,8.60508,9.444652,8.372842,-0.61336,-0.121412,0.019662,Significantly Improving,no,Yes,53-039-0011
CRES1,41.7627,-102.4336,,Crescent Lake,Nebraska,,,,6.486966,6.383587,6.004033,5.956025,7.018351,5.940013,4.869022,5.912084,5.027926,5.041434,4.964674,4.597651,4.965782,,-0.818049,-0.159158,0.000632,Significantly Improving,no,No,31-069-9000
CRLA1,42.895772,-122.136099,,Crater Lake NP,Oregon,,,1.849188,1.65566,1.577666,1.749516,1.529331,1.369017,1.662324,1.581953,1.076299,1.490868,1.290007,,1.030535,1.090564,0.622084,-0.864421,-0.065364,0.000067,Significantly Improving,yes,Yes,41-035-8001
CRMO1,43.4605455,-113.5550645,"Craters of the Moon National Monument, Visitor Center",Craters of the Moon NM,Idaho,,4.790972,4.856355,3.282649,4.300752,3.885601,3.560709,3.518008,3.189263,2.955278,2.879323,2.883929,2.786589,3.790632,2.541873,2.735176,2.228098,-0.830796,-0.135272,0.000067,Significantly Improving,yes,Yes,16-023-0101
DENA1,63.72333,-148.9675,,Denali NP,Alaska,2.659292,2.511209,2.338323,2.17599,2.435153,2.053678,2.537853,2.539946,2.468407,2.508745,2.636728,2.650715,2.670646,2.206438,2.266181,2.152964,1.865435,-0.325021,-0.015293,0.203044,No Trend,yes,Yes,02-068-0003
DEVA1,36.5089,-116.8478,Death Valley National Park,Death Valley NP,California,,5.038826,4.907139,,4.780172,5.286999,4.656511,4.518068,4.201119,4.055445,3.972825,4.327046,4.142733,,,,,-0.832133,-0.100412,0.001486,Significantly Improving,no,No,06-027-0101
DOME1,35.727833,-118.137707,Lebec-Peace Valley/Frazier Park Roads,Dome Lands Wilderness,California,,5.576722,4.522847,5.743088,4.436247,,,5.677344,4.850645,4.766673,4.014927,5.603837,3.822293,4.395852,4.531399,4.111591,4.168921,-0.552074,-0.074019,0.040662,Significantly Improving,yes,Yes,06-029-9001
DOSO1,39.10525767,-79.42607733,,Dolly Sods Wilderness,West Virginia,12.960496,13.302767,11.913637,11.541825,11.671288,12.086076,10.571443,10.269239,9.435612,8.702354,9.74339,8.750024,9.593641,8.342918,8.516819,5.882521,6.78272,-0.947244,-0.390395,0,Significantly Improving,yes,Yes,54-093-9000
DOUG1,31.3492,-109.5397,DOUGLAS RED CROSS,Douglas,Arizona,,,,,,10.858293,10.796352,,9.597537,9.302372,9.018791,10.03847,10.163884,9.474782,9.173758,,,-0.648853,-0.143456,0.058667,Possible Improvement,no,No,04-003-1005
ELDO1,37.7009,-94.0348,El Dorado Springs,El Dorado Springs,Missouri,,,,13.38111,12.737332,13.789089,14.19265,13.695933,11.78929,11.875202,11.904702,12.818789,11.575737,11.023329,11.167736,9.922505,,-0.834456,-0.270067,0.000389,Significantly Improving,no,No,29-039-0001
ELLI1,36.0853,-99.9354,,Ellis,Oklahoma,,,,9.572539,8.9222,9.930076,8.691222,8.524217,8.980457,8.141858,8.604477,9.273536,8.589011,9.088184,9.312607,,,-0.212715,-0.029507,0.506844,No Trend,no,No,40-045-0890
EVER1,25.391001,-80.6806035,SITE MOVED ACROSS ROAD FROM BEARD CENTER TO BEHIND IORI RESEARCH BLD,Everglades NP,Florida,,11.447668,10.97058,12.224359,12.099742,12.58598,13.102575,11.434894,11.468412,11.030611,11.34937,11.948327,11.253084,10.583344,10.391388,10.434766,10.132415,-0.643089,-0.112207,0.007203,Significantly Improving,yes,Yes,12-086-0030
FLAT1,47.7734,-114.269,,Flathead,Montana,,,,3.587302,3.716346,3.929622,2.888305,3.091017,2.69884,3.532566,2.566491,2.870896,2.376254,2.730617,2.153912,2.483098,2.025131,-0.851034,-0.120841,0.000114,Significantly Improving,no,No,30-047-9000
FLTO1,39.92,-107.63,Flat Tops,Flat Tops,Colorado,,,,,,,,,,,,,1.886307,1.044803,1.554319,1.153791,0.959524,-0.706991,-0.174458,0.181795,No Trend,no,No,08-103-9000
FOPE1,48.308,-105.1022,,Fort Peck,Montana,,,,6.864044,6.635879,6.694574,5.948098,6.446151,6.469087,6.354703,6.064715,,5.49294,6.879725,5.964065,5.36936,5.116438,-0.711464,-0.094715,0.006388,Significantly Improving,no,No,30-085-9000
FRES1,36.7818,-119.7732,"3425 N FIRST ST, FRESNO",Fresno,California,,,,,,14.33992,15.027781,13.702519,14.46888,13.196893,12.4252,12.10923,12.408467,13.894935,13.604333,14.31439,12.601156,-0.419653,-0.111137,0.174437,No Trend,no,No,06-019-0008
FRRE1,39.7058,-79.0122,Piney Run,Frostberg Reservoir,Maryland,,,,,,14.485363,13.692196,12.822779,12.742938,10.854171,11.808601,11.113015,11.760623,10.572552,10.944366,9.437282,9.218582,-0.930788,-0.413307,0.000011,Significantly Improving,no,No,24-023-0002
GAAR1,66.9025,-151.517,Gates of the arctic,Gates of the Arctic NP,Alaska,,,,,,,,,,,3.50005,3.697877,3.381217,,3.777277,,,0.480341,0.050935,0.519659,No Trend,no,No,02-290-9000
GAMO1,46.82620625,-111.7107105,,Gates of the Mountains,Montana,,1.816959,2.249549,0.853584,1.914295,1.104329,0.944232,,0.827915,0.820204,,,,0.523694,0.645586,0.638168,0.376376,-0.806472,-0.090931,0.001529,Significantly Improving,yes,No,30-049-9000
GICL1,33.22044875,-108.235084,,Gila Wilderness,New Mexico,,3.65869,3.379674,2.907477,3.318409,3.060987,3.267851,2.748454,1.906569,2.679487,2.459128,,2.612167,2.075306,2.160448,2.132527,1.429722,-0.876761,-0.113045,0.000018,Significantly Improving,yes,Yes,35-003-9000
GLAC1,48.51049925,-113.9966033,,Glacier NP,Montana,7.451039,7.009703,,,7.133883,8.25233,6.06697,6.863134,6.775033,,5.156594,5.611247,5.121205,5.728853,5.125741,5.64397,4.944394,-0.827966,-0.168013,0.000256,Significantly Improving,yes,Yes,30-029-9001
GRBA1,39.0052,-114.2161,Great Basin National Park,Great Basin NP,Nevada,3.779502,3.089013,2.563115,2.771856,2.112471,1.974805,2.386316,2.163379,1.656621,1.620734,1.592698,1.996165,1.351379,1.296626,1.666028,1.620424,1.435594,-0.859157,-0.114952,0.00001,Significantly Improving,no,Yes,32-033-0101
GRCA2,35.9731085,-111.9840835,,Hance Camp at Grand Canyon NP,Arizona,2.886806,,1.975824,1.817664,1.981929,2.088912,2.387535,2.523667,1.629403,2.163609,1.868146,1.706175,2.050172,1.368454,1.053128,1.467701,1.110674,-0.752001,-0.076281,0.000779,Significantly Improving,yes,Yes,04-005-8102
GRGU1,44.3081595,-71.2176505,"CAMP DODGE, GREENS GRANT",Great Gulf Wilderness,New Hampshire,,8.26143,7.77047,6.944664,7.675822,6.903958,6.427488,6.862025,6.197989,,,6.374173,5.814407,5.411648,5.754109,5.140615,4.464642,-0.944308,-0.198058,0,Significantly Improving,yes,Yes,33-007-4002
GRRI1,43.9373,-91.4052,,Great River Bluffs,Minnesota,,,,11.672455,10.646976,10.892775,10.932999,10.577085,8.840181,8.674835,8.895544,9.610396,9.307865,8.627134,8.842778,7.769507,7.70718,-0.898673,-0.267267,0.000013,Significantly Improving,no,No,27-169-9000
GRSA1,37.7248995,-105.518548,,Great Sand Dunes NM,Colorado,4.452344,4.531201,4.975619,4.479031,4.064831,3.25721,3.936073,3.563514,3.422811,3.643365,3.506117,3.889955,3.76658,4.241747,3.245217,2.794298,2.635089,-0.751819,-0.093971,0.000501,Significantly Improving,yes,Yes,08-003-9000
GRSM1,35.63342,-83.94164733,"Great Smoky Mountains National Park, Look Rock",Great Smoky Mountains NP,Tennessee,14.823483,13.419497,13.933927,12.016787,13.696974,14.256063,12.7327,13.158566,11.624614,10.129511,12.593146,11.053329,10.373429,8.99438,10.602827,7.249102,8.420928,-0.884029,-0.381673,0.000003,Significantly Improving,yes,Yes,47-009-0101
GUMO1,31.833006,-104.8094335,,Guadalupe Mountains NP,Texas,6.267406,6.342661,6.38022,5.90837,4.835408,6.122124,5.850348,5.302087,5.373563,4.578975,4.092344,5.252884,6.490175,5.830778,5.207244,4.609338,3.543237,-0.599231,-0.101912,0.011019,Significantly Improving,yes,Yes,48-109-0101
HACR1,20.7585,-156.2479,Haleakala Crater,Haleakala Crater,Hawaii,,,,,,,,0.845624,0.595146,1.277771,0.418849,0.675551,0.799617,,0.557369,0.299111,0.443371,-0.57082,-0.052851,0.108448,Possible Improvement,yes,No,15-009-9001
HALE1,20.8085625,-156.282256,Haleakala National Park,Haleakala NP,Hawaii,,4.597785,4.768673,4.28572,4.534956,3.741697,4.505495,4.586988,4.55624,4.588556,4.369809,4.758027,,,,,,0.106681,0.00911,0.754893,No Trend,yes,No,15-009-9000
HAVO1,19.4309045,-155.257945,,Hawaii Volcanoes NP,Hawaii,,4.14513,3.93593,4.205969,3.961844,3.505956,3.226669,4.043822,4.070653,3.914872,3.593251,3.132546,2.908655,3.913791,3.454278,3.998978,2.704975,-0.534279,-0.052416,0.03301,Significantly Improving,yes,Yes,15-001-9002
HECA1,44.970228,-116.84376,,Hells Canyon,Oregon,,5.541732,5.818865,,5.197181,4.700296,4.710822,5.229544,4.612302,,4.151563,4.410079,3.675306,4.256961,3.99755,4.300455,3.485008,-0.896952,-0.125735,0.000014,Significantly Improving,yes,Yes,41-063-0002
HEGL1,36.6137995,-92.9220565,,Hercules-Glades,Missouri,,,13.63509,12.224816,12.657526,13.619345,13.338166,12.993376,11.713826,10.957435,11.606118,11.476,10.993145,9.783135,9.967876,9.062193,9.946632,-0.904373,-0.299163,0.000004,Significantly Improving,yes,Yes,29-213-0003
HILL1,34.4289,-112.9628,HILLSIDE,Hillside,Arizona,,,4.079113,4.078961,4.378343,,,,,,,,,,,,,0.865805,0.149615,0.333614,No Trend,no,No,04-025-0005
HOOV1,38.08812233,-119.1771023,Hoover Wilderness,Hoover,California,,,1.823139,1.115073,1.375484,1.112185,1.345389,1.720427,1.220711,1.103208,1.056336,1.409693,1.029702,0.992088,1.385609,0.955717,0.987706,-0.53989,-0.032024,0.037765,Significantly Improving,yes,Yes,06-051-9000
IKBA1,34.340486,-111.6831813,Mazatzal Wilderness - Ike's Backbone,Ike's Backbone,Arizona,,5.866181,5.513263,4.942415,5.281208,4.969169,6.498903,5.218221,4.265505,4.37393,4.550158,4.284522,4.986604,3.711725,4.085418,4.073581,3.728491,-0.780424,-0.128205,0.000361,Significantly Improving,yes,Yes,04-025-8104
INGA1,36.0778,-112.1288,,Indian Gardens,Arizona,,,,,,,5.185699,4.738247,3.365887,,3.988268,3.766809,4.200664,,,,,-0.546104,-0.1527,0.262276,No Trend,no,No,04-005-8100
ISLE1,47.459623,-88.14909,,Isle Royale NP,Michigan,6.497652,7.171033,7.06958,6.993413,6.127092,7.081245,6.373993,6.35823,5.608389,5.130043,5.323032,6.063779,5.531705,4.943927,5.622056,5.654454,4.90908,-0.82605,-0.125052,0.000044,Significantly Improving,yes,Yes,26-083-9000
JARB1,41.89256125,-115.4260738,Jarbidge Wilderness,Jarbidge Wilderness,Nevada,,2.749042,2.439501,2.539348,2.530514,2.482542,2.37612,2.225011,1.906557,1.771112,1.93002,2.132561,2.076008,1.513409,1.768332,1.695916,1.749405,-0.894189,-0.069677,0.000003,Significantly Improving,yes,Yes,32-007-9000
JARI1,37.62661825,-79.51251575,Natural Bridge Ranger Station,James River Face Wilderness,Virginia,,14.542399,15.647092,12.846782,13.803065,14.91938,14.753521,13.776088,13.033032,11.553074,13.511847,11.574347,12.349026,9.939253,10.814668,9.75771,9.284733,-0.881643,-0.365758,0.000006,Significantly Improving,yes,Yes,51-163-0003
JOSH1,34.069493,-116.3888515,Joshua Tree National Park - Black Rock,Joshua Tree NP,California,,5.883559,6.594632,6.190721,5.635839,5.463254,5.66858,5.71706,5.05294,4.40915,4.651395,4.366159,4.416464,3.519968,5.128275,4.248474,4.832087,-0.806296,-0.139239,0.000162,Significantly Improving,yes,Yes,06-071-9002
KAIS1,37.22066,-119.154568,Kaiser Wilderness,Kaiser,California,,,,2.061091,2.256585,1.197742,,1.825729,1.391185,1.805183,1.296797,1.60038,1.163064,1.748656,1.429086,1.773413,1.024697,-0.500741,-0.043716,0.08134,Possible Improvement,yes,No,06-0199-000
KALM1,42.551996,-124.058872,IVA,Kalmiopsis,Oregon,,6.336296,5.79012,6.238451,6.721543,6.949227,5.827301,6.289372,6.744267,6.083092,5.882565,6.691081,5.598884,5.780825,6.507255,5.97583,5.093946,-0.405482,-0.042273,0.119191,Possible Improvement,yes,Yes,41-033-0010
KPBO1,60.012315,-151.711491,, Kenai Peninsula Borough,Alaska,,,,,,,,,,,,,,,,,5.320086,,,,,yes,No,02-122-0009
LABE1,41.711688,-121.5068465,Lava Beds National Monument,Lava Beds NM,California,,3.609408,3.139379,2.97548,3.129773,2.941316,2.436895,3.607832,2.612169,2.503336,2.615751,3.168865,2.387937,2.855594,2.558845,3.040191,1.732552,-0.583532,-0.058517,0.017647,Significantly Improving,yes,Yes,06-093-0005
LASU1,40.6883,-91.9883,,Lake Sugema,Iowa,,,,13.551409,12.394322,,,,,,,,,,,,,,,,,no,No,19-177-9000
LASU2,40.6932,-92.0059,LAKE SUGEMA STATE PARK II,Lake Sugema,Iowa,,,,,,14.885749,14.066831,12.95452,11.72709,11.463457,11.197057,11.817643,11.549268,10.821219,10.766191,,,-0.878994,-0.404947,0.000809,Significantly Improving,no,No,19-177-0006
LAVO1,40.53981733,-121.576811,Lassen Volcanic National Park,Lassen Volcanic NP,California,3.386471,2.525796,2.679473,2.060761,2.69363,2.544135,2.172009,2.864856,2.790287,2.357572,1.785824,2.187153,1.937592,1.87412,2.408941,2.610927,1.644831,-0.585455,-0.052128,0.013544,Significantly Improving,yes,Yes,06-089-3003
LIGO1,35.97231675,-81.93305425,Linville Falls,Linville Gorge,North Carolina,,11.939199,12.11112,9.731204,10.656766,12.574209,,12.375748,10.612448,9.611709,11.493612,8.753613,9.614809,9.03896,8.528538,6.799028,7.90964,-0.787563,-0.282703,0.000491,Significantly Improving,yes,Yes,37-011-0002
LIVO1,38.5346,-86.2604,,Livonia,Indiana,,,17.375448,15.797887,14.873938,16.53096,15.502939,15.928626,14.472822,14.099934,14.61398,,,,,,,-0.753536,-0.292405,0.019044,Significantly Improving,no,No,18-175-9000
LOND1,42.8624,-71.3801,MOOSEHILL SCHOOL,Londonderry,New Hampshire,,,,,,,,,,,,9.842574,9.343438,8.172165,8.328612,7.980609,7.568124,-0.940888,-0.437265,0.005138,Significantly Improving,no,No,33-015-0018
LOST1,48.6418965,-102.402155,LOSTWOOD NWR,Lostwood,North Dakota,9.059133,8.188333,7.872984,7.913305,7.93084,7.584025,7.830349,8.801123,8.157968,8.373843,7.494593,,,,7.690808,7.795563,6.476021,-0.592593,-0.070059,0.025537,Significantly Improving,yes,No,38-013-0004
LYBR1,43.14815133,-73.12679167,,Lye Brook Wilderness,Vermont,6.492579,6.471418,6.427856,5.831363,6.609867,5.736003,5.243543,5.675875,,4.109623,4.083329,5.399928,,,,,,-0.817252,-0.198162,0.002128,Significantly Improving,yes,No,50-003-8001
LYEB1,42.9561,-72.9098,,Lye Brook Wilderness,Vermont,,,,,,,,,,,,,5.492775,5.352657,5.004227,5.101899,4.710156,-0.938989,-0.1816,0.017924,Significantly Improving,yes,No,50-025-8001
MACA1,37.13176667,-86.147856,"Mammoth Cave National Park, Houchin Meadow",Mammoth Cave NP,Kentucky,17.089262,15.173291,17.414516,16.65888,16.22123,17.2766,16.642309,15.714101,15.092497,14.0911,15.49405,13.282836,13.438923,12.15331,13.033061,10.491949,11.436409,-0.889995,-0.377056,0.000002,Significantly Improving,yes,Yes,21-061-0501
MAKA1,48.37185,-124.595,Neah Bay (Makah Tribe),Makah Tribe,Washington,,,,,,,,10.840506,11.255123,,,,,,,,,,,,,no,No,53-009-0014
MAKA2,48.3,-124.62,Neah Bay (Makah Tribe),Makah Tribe Site,Washington,,,,,,,,,,,,3.854867,2.678507,2.296777,3.306787,2.988323,2.960528,-0.253695,-0.07235,0.627621,No Trend,no,No,53-009-0013
MAVI1,41.3309,-70.7846,"1 HERRING CREEK RD, AQUINNAH (WAMPANOAG TRIBAL SITE)",Martha's Vineyard,Massachusetts,,,,11.827654,12.2509,12.314757,11.171451,10.498479,10.767825,9.941603,9.984711,11.239,9.928976,8.924699,10.228745,10.132931,9.25179,-0.815598,-0.203684,0.000377,Significantly Improving,no,No,25-007-0001
MEAD1,36.0193,-114.0684,,Meadview,Arizona,,,,,4.205949,4.013077,4.51607,4.15402,3.349396,,3.390907,3.382545,4.279002,3.172295,3.403814,3.092533,2.59886,-0.766935,-0.1107,0.003606,Significantly Improving,no,No,04-015-9000
MELA1,48.48712475,-104.475658,,Medicine Lake,Montana,8.010009,7.635889,6.778469,6.86347,7.006569,7.021872,5.793911,6.504112,6.871194,6.427718,6.032026,6.878086,5.882318,7.568941,6.312069,5.917316,5.455417,-0.636905,-0.088888,0.005968,Significantly Improving,yes,Yes,30-091-9000
MEVE1,37.1983925,-108.4906678,"Mesa Verde National Park, Resource Management Area",Mesa Verde NP,Colorado,4.347764,3.977506,4.681729,4.695934,3.916787,2.981944,3.56894,3.337563,2.829041,3.003331,3.032193,3.187316,2.726863,2.90555,2.435899,2.597223,2.062029,-0.892713,-0.137074,0.000001,Significantly Improving,yes,Yes,08-083-0101
MING1,36.97167767,-90.14323733,,Mingo,Missouri,,13.671844,,,,,14.203428,15.12518,13.92667,12.326593,13.584634,12.588028,12.321528,11.514644,12.213585,10.762021,10.532368,-0.803876,-0.264019,0.001627,Significantly Improving,yes,No,29-207-0001
MKGO1,41.4269,-80.1453,,M.K. Goddard,Pennsylvania,,,14.748652,13.756679,13.757832,14.775888,13.070893,12.914941,13.296762,11.80632,11.538021,,,,,,,-0.866815,-0.357945,0.002486,Significantly Improving,no,No,42-085-9000
MOHO1,45.288754,-121.783687,,Mount Hood,Oregon,,3.12492,2.307459,1.517875,1.722779,2.021054,1.848515,1.72541,1.662893,1.456001,0.986058,1.470701,1.262323,1.326023,1.30844,1.449592,1.218851,-0.756414,-0.08124,0.000696,Significantly Improving,yes,Yes,41-005-0010
MOMO1,41.8214,-73.2973,Mohawk Mt-Cornwall,Mohawk Mt.,Connecticut,,,10.343605,9.309048,9.845922,8.870716,8.393931,7.87707,,6.968926,6.711987,8.059371,7.68081,6.701723,7.346448,6.079558,6.041486,-0.903676,-0.263872,0.000009,Significantly Improving,no,Yes,09-005-0005
MONT1,47.122202,-113.1543817,,Monture,Montana,,4.903295,3.502614,3.074578,3.940968,3.798117,3.088438,2.809319,2.756746,3.140956,2.76255,2.66602,2.56549,2.536208,2.354852,2.802675,1.957973,-0.828887,-0.124023,0.000072,Significantly Improving,yes,Yes,30-077-9000
MOOS1,45.125887,-67.26610525,,Moosehorn NWR,Maine,8.937848,9.307403,9.116468,9.484775,8.933956,7.985111,8.604345,7.793849,7.752989,6.834976,5.979026,6.974115,7.270969,6.468414,6.998961,6.635658,5.937612,-0.903449,-0.211729,0.000001,Significantly Improving,yes,Yes,23-029-1004
MORA1,46.75828,-122.124437,MT RAINIER NAT'L PARK - PARADISE,Mount Rainier NP,Washington,6.060886,6.055321,4.847561,,4.940193,5.674411,4.813818,5.069439,4.720112,4.344454,3.585049,4.392512,3.830195,3.606583,4.000422,3.777147,3.854113,-0.884628,-0.144482,0.000005,Significantly Improving,yes,Yes,53-053-0014
MOZI1,40.53832367,-106.6765547,,Mount Zirkel Wilderness,Colorado,,2.688625,1.434048,1.201092,1.120745,0.691069,0.978025,0.763895,0.400118,0.558278,0.156617,0.395423,0.928062,0.158841,0.225237,0.225904,-0.452374,-0.836283,-0.125191,0.000054,Significantly Improving,yes,Yes,08-057-9000
NEBR1,41.8888,-100.3387,,Nebraska NF,Nebraska,,,,6.61694,6.905781,6.791016,6.142805,7.12612,,6.156929,5.887079,6.232157,5.547915,5.827131,5.807077,5.526749,4.836881,-0.860379,-0.126987,0.000161,Significantly Improving,no,No,31-171-9000
NEYO1,40.8161,-73.9019,IS 52,Is 52,New York,,,,,,16.412939,14.733218,15.192352,15.786182,14.480967,,,,,,,,-0.564866,-0.281098,0.321116,No Trend,no,No,36-005-0110
NOAB1,44.7447965,-109.3815898,,North Absaroka,Wyoming,,,2.226131,1.865653,1.975947,1.263165,1.091587,,1.270591,,,,1.441288,1.340109,0.904442,0.996759,0.299359,-0.802314,-0.083563,0.002962,Significantly Improving,yes,No,56-029-9002
NOCA1,48.73159067,-121.064598,,North Cascades,Washington,,3.798077,3.114667,,,3.272161,2.824982,2.998222,3.68026,3.150514,2.697512,3.005248,2.33636,2.355623,2.855157,2.473836,2.21726,-0.770279,-0.079286,0.001267,Significantly Improving,yes,Yes,53-073-0022
NOCH1,45.6495,-106.5574,,Northern Cheyenne,Montana,,,,3.561988,3.396624,3.678591,3.140152,3.966221,3.414068,3.541063,3.537618,2.975462,2.902709,3.057587,2.723316,3.099314,2.158416,-0.747843,-0.082042,0.002102,Significantly Improving,no,No,30-087-0762
OKEF1,30.7405305,-82.1283385,,Okefenokee NWR,Georgia,16.876799,14.986961,15.179776,13.475068,15.633974,15.454372,15.388445,14.565278,13.476024,13.394059,14.240807,13.3195,12.84997,12.909778,12.075259,11.497786,11.195362,-0.886845,-0.275334,0.000002,Significantly Improving,yes,Yes,13-049-9000
OLTO1,44.9334,-68.6457,TOP OF APARTMENT BUILDING - 36 METERS FROM ROUTE 2 (MAIN STREET),Old Town,Maine,,,,10.856853,11.047771,10.197165,,,,,,,,,,,,-0.739042,-0.329844,0.470557,No Trend,no,No,23-019-4003
OLYM1,48.006497,-122.9726957,,Olympic,Washington,,,5.520795,6.016798,6.537648,5.869065,5.229136,5.05197,4.994664,4.07571,3.592693,3.553638,3.213385,4.224279,3.798479,3.388422,3.231972,-0.89629,-0.22326,0.000006,Significantly Improving,yes,Yes,53-009-0020
OMAH1,42.1487,-96.4318,,Omaha,Nebraska,,,,,11.305469,11.358862,10.879199,11.21647,,,,,,,,,,-0.447583,-0.074666,0.552417,No Trend,no,No,31-173-9000
ORPI1,31.9506,-112.8016,ORGAN PIPE NM,Organ Pipe,Arizona,,,,6.937569,6.634227,6.87542,7.30561,6.579719,6.579266,6.436309,6.01853,5.748167,6.26621,5.894646,6.605277,6.363461,5.525978,-0.717085,-0.083771,0.003895,Significantly Improving,no,No,04-019-0005
OWVL1,37.3607,-118.3308,White Mountain Research Center - Owens Valley Lab,Owens Valley,California,,,,,,,,,,,,,,,5.053877,4.839729,4.103726,-0.953223,-0.475075,0.195487,No Trend,no,No,06-027-0002
PACK1,42.8619,-71.8786,MILLER STATE PARK,Pack Monadnock Summit,New Hampshire,,,,,,,,,6.560297,4.891703,5.139491,5.633841,5.548746,5.116164,4.746961,4.571953,4.351556,-0.757246,-0.184949,0.018131,Significantly Improving,no,No,33-011-5001
PASA1,48.38772633,-119.9275383,,Pasayten,Washington,,2.951709,2.621664,2.493095,2.852553,3.2275,1.984252,2.413832,2.686311,2.307938,1.657642,2.228527,1.548725,1.750064,1.801388,1.580508,1.397799,-0.840222,-0.099341,0.000046,Significantly Improving,yes,Yes,53-047-0012
PEFO1,35.077749,-109.769242,"Petrified Forest National Park, South Entrance",Petrified Forest NP,Arizona,5.040748,4.981258,5.087068,5.425478,4.585404,4.544485,5.351012,4.901404,4.068782,4.229652,4.270627,4.032628,4.23583,3.625989,3.366153,3.323607,2.894196,-0.896236,-0.132023,0.000001,Significantly Improving,yes,Yes,04-017-0119
PENO1,44.94798,-68.64786,Penobscot,Penobscot,Maine,,,,,,,9.102928,8.373859,8.516966,7.552736,7.241635,8.382811,8.504009,8.189334,7.768271,7.116402,6.481282,-0.699307,-0.16226,0.016624,Significantly Improving,no,No,23-019-9000
PETE1,56.61076,-132.81234,,Petersburg,Alaska,,,,,,3.44157,3.374066,3.405159,3.313566,,,,,,,,,-0.840238,-0.035292,0.159762,No Trend,no,No,02-280-9000
PHOE1,33.5038,-112.0958,JLG SUPERSITE,Phoenix,Arizona,,,14.737944,14.32275,13.132068,12.847172,,,11.863557,11.269488,,11.668243,11.742789,10.654096,10.832081,11.091084,11.314743,-0.901169,-0.247161,0.000063,Significantly Improving,no,No,04-013-9997
PINN1,36.483349,-121.156791,Pinnacles National Park,Pinnacles NM,California,9.811982,,8.626003,8.395247,8.74354,7.972031,7.852105,8.473154,8.401888,7.228148,7.299226,7.66715,7.109317,8.311148,7.902605,7.686783,7.226702,-0.727947,-0.10605,0.001389,Significantly Improving,yes,Yes,06-069-0003
PMRF1,44.5284,-72.8688,PROCTOR MAPLE RESEARCH CTR,Proctor Maple R. F.,Vermont,,,8.673098,7.820652,8.25863,7.93819,7.968895,7.707449,7.583679,6.267278,6.774143,7.819628,6.395888,6.475997,6.536473,5.703203,5.455599,-0.893744,-0.196396,0.000007,Significantly Improving,no,Yes,50-007-0007
PORE1,38.122422,-122.908532,Point Reyes NS Ranger Station,Point Reyes National Seashore,California,10.487879,,10.536545,,10.507909,9.788174,9.553973,8.907503,9.518188,7.764458,8.170723,8.926629,7.015788,7.088675,7.592278,8.087282,,-0.883448,-0.243215,0.000028,Significantly Improving,yes,Yes,06-041-0002
PRIS1,46.6964,-68.0333,,Presque Isle,Maine,,,9.391976,9.531031,9.519618,8.800838,9.453265,8.243605,8.213631,8.402203,6.81459,8.253063,7.847786,7.196859,8.386731,6.658122,6.95539,-0.842893,-0.187752,0.00008,Significantly Improving,no,Yes,23-003-1020
PUSO1,47.5696,-122.3119,SEATTLE - BEACON HILL,Puget Sound,Washington,,,13.11043,13.108427,13.364298,13.049854,,12.264572,11.538288,11.769089,10.758422,10.214537,10.205219,10.036733,10.024464,9.884312,8.948908,-0.972937,-0.315908,0,Significantly Improving,no,Yes,53-033-0080
QUCI1,39.9428,-81.3378,"ST JOHNS ROAD QUAKER CITY, OH",Quaker City,Ohio,,,15.594571,15.29553,14.788306,16.09053,14.645115,14.88817,14.040578,13.019758,,12.801492,12.141794,12.121326,12.46736,11.526736,10.258365,-0.950171,-0.357164,0,Significantly Improving,no,Yes,39-121-8001
QURE1,42.2985,-72.3346,QUABBIN RES,Quabbin Summit,Massachusetts,,,9.831937,9.434975,10.055201,9.109242,8.496387,8.322528,,7.455435,6.818647,7.736766,7.451954,6.331477,6.640349,6.408794,,-0.947894,-0.284332,0.000001,Significantly Improving,no,Yes,25-015-4002
QUVA1,33.2939,-111.2858,QUEEN VALLEY,Queen Valley,Arizona,,,8.086043,8.013554,7.367027,8.100941,8.339661,,7.230965,6.360681,7.027093,6.983885,7.126565,6.292985,7.061408,6.763084,,-0.761147,-0.116834,0.00251,Significantly Improving,no,Yes,04-021-8001
RAFA1,34.7339215,-120.0074175,San Rafael Wilderness,San Rafael,California,,,,5.653621,6.703959,5.015575,5.18044,6.825389,5.926275,4.625928,4.319848,4.596822,4.366313,5.389719,5.047763,5.192194,4.623862,-0.519413,-0.098575,0.056974,Possible Improvement,yes,No,06-083-9000
REDW1,41.56079133,-124.083946,Redwood NP,Redwood NP,California,7.280876,5.972898,5.946322,5.442722,5.791428,5.650421,5.906098,6.013994,5.440954,4.908968,4.208971,6.750478,4.800953,5.629186,5.04532,5.849844,4.52002,-0.527527,-0.07986,0.029537,Significantly Improving,yes,Yes,06-015-0002
ROMA1,32.941048,-79.657168,CAPE ROMAIN,Cape Romain NWR,South Carolina,15.47585,13.807628,13.577858,13.727369,14.858061,16.317381,15.527469,14.807994,14.954547,13.26469,14.695656,13.105503,13.299976,,12.460857,12.202312,11.79468,-0.663745,-0.170771,0.005053,Significantly Improving,yes,Yes,45-019-0046
ROMO1,40.27827833,-105.545723,,Rocky Mountain NP,Colorado,2.581209,2.405156,1.83149,2.534582,2.119114,2.123597,2.148966,2.313887,1.600725,1.970737,1.522012,1.637885,1.734611,1.127789,1.453509,1.016192,1.201607,-0.880112,-0.084935,0.000003,Significantly Improving,yes,Yes,08-069-9001
SACR1,33.45975767,-104.4042353,,Salt Creek,New Mexico,,7.893648,7.876771,8.485822,7.107114,7.883021,8.044744,,6.766627,6.434299,6.1301,8.525869,7.96618,7.798815,7.273872,6.603369,6.61037,-0.415922,-0.065379,0.123083,Possible Improvement,yes,Yes,35-005-9000
SAFO1,39.9791,-95.5682,,Sac and Fox,Kansas,,,,12.413461,12.248065,12.373967,12.470883,11.379234,11.700354,11.138556,12.067163,,,,,,,-0.635567,-0.131954,0.09034,Possible Improvement,no,No,20-013-9000
SAGA1,34.29685,-118.02818,Lebec,San Gabriel,California,,,6.356141,4.396443,3.709995,4.285917,4.443903,5.429367,3.684469,,,,2.795707,2.409574,3.425646,2.254394,2.582531,-0.819622,-0.205065,0.001101,Significantly Improving,yes,No,06-037-9034
SAGO1,34.193887,-116.913154,,San Gorgonio Wilderness,California,,5.015391,6.177668,5.083656,5.323102,4.051902,5.021956,5.488341,4.38626,3.637687,3.100158,3.406888,3.603379,3.150837,3.470465,2.939283,3.409745,-0.84809,-0.180305,0.000033,Significantly Improving,yes,Yes,06-071-9010
SAGU1,32.174607,-110.737145,SAGUARO PARK,Saguaro NM,Arizona,,,7.37797,7.104968,6.350194,7.246781,7.785533,6.627713,5.853791,6.1729,5.812997,,6.345598,6.193704,6.445012,6.170703,5.720413,-0.67328,-0.092607,0.008307,Significantly Improving,yes,Yes,04-019-0021
SAMA1,30.092559,-84.16135325,St. Marks Wildlife Refuge,St. Marks,Florida,,,14.126122,13.65702,,,16.202713,14.689345,14.772182,13.424191,14.657636,13.078177,12.970778,12.587741,11.330565,10.952873,11.239552,-0.757464,-0.269391,0.002709,Significantly Improving,yes,Yes,12-129-0001
SAPE1,36.0139175,-106.844682,,San Pedro Parks,New Mexico,,1.894283,1.074814,1.381621,1.471202,0.865061,1.431107,0.991509,0.757237,1.121908,0.917555,1.310463,1.545596,,0.249129,0.847532,0.228268,-0.646864,-0.062323,0.009152,Significantly Improving,yes,Yes,35-039-9000
SAWE1,32.2486,-111.2178,Saguaro National Park - West,Saguaro West,Arizona,,,9.227879,8.681559,7.817637,7.877379,9.045943,8.192076,7.633685,7.450829,6.681814,7.758306,8.07174,7.370843,7.365615,7.31859,7.01263,-0.727999,-0.116832,0.00209,Significantly Improving,no,Yes,04-019-9000
SAWT1,44.17053733,-114.927141,,Sawtooth NF,Idaho,,4.858595,3.782505,3.205358,4.113575,3.537763,4.036505,3.82187,,3.795715,4.148987,3.026257,2.689804,2.854537,2.299735,2.587336,2.181604,-0.808668,-0.12744,0.000262,Significantly Improving,yes,Yes,16-037-0002
SENE1,46.2889435,-85.950327,Seney,Seney,Michigan,6.510769,6.788573,7.826415,8.013624,6.584255,7.512014,6.684318,6.830865,5.936726,5.299467,5.439113,5.911743,5.7366,5.183136,5.50646,5.429883,4.964123,-0.815691,-0.152376,0.000066,Significantly Improving,yes,Yes,26-153-0001
SEQU1,36.48941067,-118.8291297,Sequoia NP-Ash Mountain,Sequoia NP,California,9.733149,7.84125,,,8.861614,7.16518,7.718968,9.180466,9.26773,6.204028,5.839284,7.587683,6.913284,7.781179,7.135768,7.759714,6.620898,-0.531176,-0.123301,0.041598,Significantly Improving,yes,Yes,06-107-1001
SHEN1,38.52293075,-78.434831,"Shenandoah National Park, Big Meadows",Shenandoah NP,Virginia,11.079403,13.210694,11.492609,9.47942,9.374881,10.482018,10.592411,11.129924,8.158956,8.233323,9.786919,7.869442,9.625093,7.501553,8.017652,6.497196,7.099761,-0.830232,-0.296361,0.000037,Significantly Improving,yes,Yes,51-113-0003
SHMI1,37.3038,-107.4842,,Shamrock Mine,Colorado,,,,,,3.322768,4.212336,3.605752,3.056747,3.656252,2.863353,3.326083,3.548055,3.04987,2.882896,2.47172,2.279516,-0.75223,-0.112229,0.004767,Significantly Improving,no,No,08-067-9000
SHRO1,35.393671,-82.77439,Frying Pan Mountain,Shining Rock Wilderness,North Carolina,,,,6.056516,7.448215,7.530842,7.327516,8.025134,7.835625,5.800852,,,6.216091,4.149604,5.159428,3.695977,4.710449,-0.781445,-0.258299,0.002685,Significantly Improving,yes,No,37-087-0035
SIAN1,34.0908,-110.9421,Sierra Ancha,Sierra Ancha,Arizona,,6.22162,6.493269,6.062836,5.873025,5.27484,,,,4.605522,5.629405,,5.396274,4.057933,,,,-0.804842,-0.140159,0.008881,Significantly Improving,yes,No,04-007-8100
SIKE1,32.0574,-92.435,,Sikes,Louisiana,,,,13.507928,13.108871,15.063958,13.074127,13.860655,12.241328,11.680437,12.650694,,,,,,,-0.585158,-0.247907,0.127556,Possible Improvement,no,No,22-127-9000
SIME1,55.32552,-160.50626,,Simeonof,Alaska,,,7.754263,6.788136,8.265767,7.801997,8.327851,8.062502,7.463864,8.281463,7.743824,8.570136,7.571081,7.285317,8.088218,7.398706,7.229791,-0.127443,-0.014062,0.650824,No Trend,yes,Yes,02-013-0002
SIPS1,34.343334,-87.338791,SIPSEY (closed 11-01-2007),Sipsey Wilderness,Alabama,,14.440742,16.370401,16.255993,15.223475,15.709034,15.115644,14.340944,13.279623,11.838987,14.084519,14.147817,12.428225,11.69988,11.173613,10.400032,10.837429,-0.888838,-0.366614,0.000004,Significantly Improving,yes,Yes,01-079-0002
SNPA1,47.421981,-121.425916,,Snoqualmie Pass,Washington,,6.476986,5.391744,4.749929,5.383426,5.373649,4.891523,4.857995,4.505659,4.882604,3.456068,3.387537,3.835824,,3.501212,3.40923,3.523328,-0.896704,-0.178709,0.000006,Significantly Improving,yes,Yes,53-037-0004
SPOK1,47.9045,-117.8609,,Spokane Res.,Washington,,,8.916483,10.140774,8.746731,,,,,,,,,,,,,-0.111591,-0.084876,0.928811,No Trend,no,No,53-063-0051
STAR1,45.2249295,-118.512931,,Starkey,Oregon,,5.418231,5.528515,3.084729,3.917939,3.969795,3.249941,3.603811,3.668224,3.53036,3.052612,2.955963,2.349591,2.911079,2.677855,2.968204,2.329334,-0.812855,-0.158467,0.000129,Significantly Improving,yes,Yes,41-061-0010
STIL1,35.75078,-94.66956,NEWKIRK IMPROVE,Stilwell,Oklahoma,,,,,,,,,,,,13.348029,11.630359,10.777293,11.292656,9.884392,10.730734,-0.810236,-0.508829,0.050599,Possible Improvement,no,No,40-071-9010
SULA1,45.85981725,-114.000093,,Sula Peak,Montana,,3.059767,2.717028,1.802021,2.742161,2.524644,,2.540624,,2.311488,1.853357,1.688469,1.885573,1.533514,1.4293,,,-0.822381,-0.098146,0.001025,Significantly Improving,yes,No,30-081-9000
SWAN1,35.45099,-76.207542,,Swanquarter,North Carolina,,13.115045,12.783576,,,,13.822877,12.735607,,12.550545,12.743196,10.703107,11.423908,11.392972,11.405091,11.121465,10.349764,-0.817762,-0.181257,0.001155,Significantly Improving,yes,No,37-095-9000
SYCA1,35.14057967,-111.9692263,,Sycamore Canyon,Arizona,,5.469333,6.073174,5.87687,4.915207,4.816708,6.324877,4.68994,4.518363,5.377213,4.756254,4.720978,6.242582,4.177649,4.914743,,,-0.392578,-0.064715,0.165001,No Trend,yes,Yes,04-005-8103
SYCA2,35.1639,-111.9823,,Sycamore Canyon,Arizona,,,,,,,,,,,,,,,,,3.671175,,,,,yes,No,04-005-9000
TALL1,38.4341,-96.5602,,Tallgrass,Kansas,,,,11.101201,11.081321,11.501779,10.555052,10.291914,10.042041,9.949238,10.113327,10.80261,10.135691,9.178278,9.488335,9.015615,8.771297,-0.882359,-0.173858,0.00003,Significantly Improving,no,No,20-017-0001
THBA1,44.6634,-105.2874,Thunder Basin,Thunder Basin,Wyoming,,,,,5.028027,5.517454,,,,,,,5.064899,4.345819,3.936147,4.586674,3.407193,-0.784931,-0.118079,0.036554,Significantly Improving,no,No,56-005-0123
THRO1,46.89481267,-103.3776753,PAINTED CANYON,Theodore Roosevelt,North Dakota,,7.80161,7.800628,7.498321,7.486217,6.797024,6.484105,,6.557504,7.031142,6.442652,5.807163,6.088411,6.527577,6.146739,6.213534,5.097215,-0.88504,-0.138022,0.000012,Significantly Improving,yes,Yes,38-007-0002
THSI1,44.2910435,-122.043361,,Three Sisters Wilderness,Oregon,3.674242,3.804881,2.82406,2.287245,2.630229,2.907436,2.755733,2.895833,3.251277,3.200749,2.561967,2.849807,2.353307,2.172619,2.625764,2.891343,2.327583,-0.548325,-0.049741,0.022667,Significantly Improving,yes,Yes,41-039-0070
TONT1,33.654778,-111.106845,TONTO NM,Tonto NM,Arizona,,6.816567,,6.518383,5.814149,5.825116,6.092073,5.676421,5.570803,5.332933,5.605369,5.079715,5.645028,4.291763,5.428138,5.024618,4.123812,-0.862327,-0.134501,0.000035,Significantly Improving,yes,Yes,04-007-0010
TRCR1,62.3153,-150.3156,,Trapper Creek,Alaska,,,3.433355,3.220467,3.709799,3.199162,3.962543,4.021483,4.171823,4.131826,3.795381,3.78954,4.029972,3.472517,3.420224,3.229954,2.882313,-0.192749,-0.017117,0.491297,No Trend,yes,Yes,02-170-0011
TRIN1,40.78644467,-122.8045703,Trinity,Trinity,California,,3.416165,,2.926016,3.414901,,2.138104,3.931512,3.97992,2.627818,2.055339,2.848327,2.355558,2.881545,2.862163,,,-0.351033,-0.054024,0.263224,No Trend,yes,No,06-105-9000
TUXE1,59.98333,-152.65888,,Tuxedni,Alaska,,,4.209841,3.771868,3.990037,3.883921,4.39166,3.647526,4.077059,4.334498,3.887929,4.293828,3.936201,3.63931,3.784059,,,-0.211396,-0.013866,0.488123,No Trend,yes,Yes,02-122-0009
ULBE1,47.582269,-108.7196377,,UL Bend,Montana,,5.216128,4.612862,4.562273,4.611904,4.447073,3.968352,4.394455,4.300939,4.586384,4.440976,3.704371,3.661906,3.778508,3.623067,3.637762,3.212136,-0.886017,-0.098469,0.000005,Significantly Improving,yes,Yes,30-027-9000
UPBU1,35.8258255,-93.20295925,,Upper Buffalo Wilderness,Arkansas,12.871974,11.514189,12.833392,10.617645,10.737619,13.342805,12.998117,12.446053,10.487044,9.400878,,11.510627,10.308805,8.597577,8.130183,7.502196,9.43521,-0.760261,-0.268877,0.00063,Significantly Improving,yes,Yes,05-101-9000
VIIS1,18.336311,-64.796191,"CRUZ BAY, ST JOHN U.S. VIRGIN ISLANDS",Virgin Islands NP,Virgin Islands,,9.076832,8.308369,8.135997,8.613963,9.238567,9.919768,,8.884358,9.932754,9.518511,9.175809,9.552711,9.844576,9.821695,9.580198,10.241313,0.741409,0.094392,0.00156,Significantly Degrading,yes,Yes,78-020-0001
VILA1,40.969,-95.045,VIKING LAKE STATE PARK,Viking Lake,Iowa,,,,14.022934,12.373118,13.604218,13.180246,12.495516,12.006793,10.772619,12.029461,12.038768,12.14092,10.837604,10.675181,10.347189,10.210629,-0.877133,-0.252803,0.000038,Significantly Improving,no,No,19-137-0002
VOYA2,48.4126,-92.8286,"VOYAGEURS NATIONAL PARK, NEAR SULLIVAN BAY",Voyageurs NP,Minnesota,7.017401,7.122561,7.536816,7.68222,6.370268,6.834282,6.452182,6.603809,6.463603,5.471722,5.91609,,6.275312,,5.745405,5.27293,4.681776,-0.879172,-0.143277,0.000016,Significantly Improving,yes,Yes,27-137-0034
WARI1,38.9519,-118.8146,,Walker River Paiute Tribe,Nevada,,,,,6.940971,,,,,,,,,,,,,,,,,no,No,32-021-9000
WASH1,38.8762,-77.0344,HAINS POINT PM-2.5 AND IMPROVE SITE ON ROOF OF PARK POLICE BLDG.,Washington D.C.,District of Columbia,17.831779,17.102306,17.924294,16.785616,16.286261,17.713903,17.189577,16.797937,16.297438,15.00798,,14.169622,13.156151,,12.688263,,,-0.902293,-0.364679,0.000025,Significantly Improving,no,Yes,11-001-0042
WEMI1,37.6594035,-107.799875,,Weminuche Wilderness,Colorado,,3.246902,3.260596,2.931603,3.019839,2.614785,2.916873,2.299436,2.157179,2.117757,1.93703,2.357879,1.995626,1.920954,1.878629,1.452778,1.339985,-0.952115,-0.120344,0,Significantly Improving,yes,Yes,08-111-9000
WHIT1,33.4687025,-105.534883,,White Mountain,New Mexico,,,4.147688,3.533602,2.971527,2.988086,3.401064,3.863568,3.019317,3.241714,3.267834,3.390364,3.660995,3.155532,2.768238,2.602786,2.139799,-0.632008,-0.071089,0.011481,Significantly Improving,yes,Yes,35-027-9000
WHPA1,46.624253,-121.3880833,,White Pass,Washington,,2.192868,1.899439,1.109331,1.453423,1.941928,1.779284,1.800676,1.479995,1.748274,0.970338,0.845088,1.289204,0.635314,0.832657,1.124258,0.811082,-0.7623,-0.077461,0.000597,Significantly Improving,yes,Yes,53-041-0007
WHPE1,36.58538267,-105.452001,,Wheeler Peak,New Mexico,,,1.098049,1.515785,1.046026,0.632174,1.29031,1.238227,,0.368135,,1.210541,0.543254,0.149702,0.282555,0.301911,0.737148,-0.679126,-0.064221,0.010687,Significantly Improving,yes,Yes,35-055-9000
WHRI1,39.1535855,-106.8209068,Ajax Mountain,White River NF,Colorado,,1.063665,0.624992,0.56237,0.560242,-0.053302,0.519206,0.339798,0.078791,0.133734,0.10777,-0.034396,-0.06935,-0.599109,-0.132036,-0.356927,-0.52322,-0.902986,-0.085533,0.000002,Significantly Improving,yes,Yes,08-097-0002
WICA1,43.55763533,-103.483805,"Wind Cave National Park, Visitor Center",Wind Cave,South Dakota,5.55523,5.117954,5.239468,4.970784,4.816348,4.736467,4.516302,5.488475,4.345324,3.841461,4.621739,3.576634,,3.918385,3.22084,3.752753,3.103235,-0.887947,-0.135606,0.000004,Significantly Improving,yes,Yes,46-033-0132
WIMO1,34.732281,-98.712976,,Wichita Mountains,Oklahoma,,,9.751031,10.018691,9.562185,10.593313,9.737344,9.320916,9.847766,,9.218363,10.339104,8.881111,8.442902,9.260182,8.486534,7.893003,-0.730544,-0.119545,0.003003,Significantly Improving,yes,Yes,40-031-9000
WRIG1,34.38,-117.69,Wrightwood,Wrightwood,California,,,,,,,,,,,4.132768,5.074666,,,,,,,,,,no,No,06-037-9000
YELL2,44.5653735,-110.400256,,Yellowstone NP,Wyoming,2.784182,2.979533,2.577423,1.938749,2.613298,2.063705,2.251374,2.153452,1.822528,1.937901,1.048256,1.444917,1.377854,1.733817,1.378931,1.363662,0.982911,-0.893593,-0.106267,0.000001,Significantly Improving,yes,Yes,56-039-9000
YOSE1,37.7132605,-119.706087,"Yosemite National Park, Turtleback Dome",Yosemite NP,California,4.165253,2.847825,3.717363,3.16918,3.096636,3.194919,3.374515,3.894686,1.951077,2.331685,1.929687,2.777324,2.859455,3.185196,2.8079,3.006558,2.653623,-0.470433,-0.056404,0.056687,Possible Improvement,yes,Yes,06-043-0003
ZICA1,37.1983,-113.1508,"Zion National Park, Dalton's Wash",Zion Canyon,Utah,,,,,4.478559,3.876853,4.702484,4.889882,4.022515,4.202542,,,4.482655,4.05182,3.972955,4.075444,3.095986,-0.578522,-0.065495,0.062245,Possible Improvement,yes,No,49-053-0130
ZION1,37.4591,-113.2243,,Zion NP,Utah,,5.557702,4.808507,4.5109,,,,,,,,,,,,,,-0.970355,-0.523401,0.1554,No Trend,yes,No,49-053-9000
